13993	2026-07-20 06:48:24	1	0	1	0	0	0	0	0	0
13968	2026-07-20 06:48:30	1	0	1	0	0	0	0	0	0
13992	2026-07-20 06:52:50	1	0	1	0	0	0	0	0	0
13977	2026-07-20 06:53:12	1	0	1	0	0	0	0	0	0
14020	2026-07-20 06:53:38	1	0	1	0	0	0	0	0	0
13980	2026-07-20 06:53:41	1	0	1	0	0	0	0	0	0
14002	2026-07-20 06:53:57	1	0	1	0	0	0	0	0	0
14022	2026-07-20 06:56:21	1	0	1	0	0	0	0	0	0
14004	2026-07-20 06:56:24	1	0	1	0	0	0	0	0	0
14032	2026-07-20 06:56:27	1	0	1	0	0	0	0	0	0
13976	2026-07-20 06:56:39	1	0	1	0	0	0	0	0	0
14000	2026-07-20 06:56:44	1	0	1	0	0	0	0	0	0
13978	2026-07-20 06:58:13	1	0	1	0	0	0	0	0	0
13967	2026-07-20 06:58:17	1	0	1	0	0	0	0	0	0
13974	2026-07-20 06:59:40	1	0	1	0	0	0	0	0	0
14011	2026-07-20 06:59:44	1	0	1	0	0	0	0	0	0
14030	2026-07-20 06:59:49	1	0	1	0	0	0	0	0	0
14018	2026-07-20 06:59:53	1	0	1	0	0	0	0	0	0
13971	2026-07-20 06:59:55	1	0	1	0	0	0	0	0	0
14016	2026-07-20 06:59:59	1	0	1	0	0	0	0	0	0
13990	2026-07-20 07:00:02	1	0	1	0	0	0	0	0	0
13970	2026-07-20 07:00:04	1	0	1	0	0	0	0	0	0
13996	2026-07-20 07:00:06	1	0	1	0	0	0	0	0	0
13973	2026-07-20 07:00:09	1	0	1	0	0	0	0	0	0
14124	2026-07-20 07:00:11	1	0	1	0	0	0	0	0	0
14116	2026-07-20 07:00:16	1	0	1	0	0	0	0	0	0
14111	2026-07-20 07:00:20	1	0	1	0	0	0	0	0	0
14112	2026-07-20 07:00:25	1	0	1	0	0	0	0	0	0
14013	2026-07-20 07:00:32	1	0	1	0	0	0	0	0	0
14107	2026-07-20 07:00:51	1	0	1	0	0	0	0	0	0
14134	2026-07-20 07:00:58	1	0	1	0	0	0	0	0	0
14118	2026-07-20 07:01:05	1	0	1	0	0	0	0	0	0
14122	2026-07-20 07:01:08	1	0	1	0	0	0	0	0	0
14108	2026-07-20 07:01:14	1	0	1	0	0	0	0	0	0
13983	2026-07-20 07:01:20	1	0	1	0	0	0	0	0	0
14015	2026-07-20 07:01:30	1	0	1	0	0	0	0	0	0
14017	2026-07-20 07:01:33	1	0	1	0	0	0	0	0	0
14005	2026-07-20 07:01:38	1	0	1	0	0	0	0	0	0
14009	2026-07-20 07:01:54	1	0	1	0	0	0	0	0	0
13972	2026-07-20 07:02:33	1	0	1	0	0	0	0	0	0
14123	2026-07-20 07:02:53	1	0	1	0	0	0	0	0	0
14006	2026-07-20 07:03:14	1	0	1	0	0	0	0	0	0
13995	2026-07-20 07:03:17	1	0	1	0	0	0	0	0	0
14120	2026-07-20 07:03:32	1	0	1	0	0	0	0	0	0
14106	2026-07-20 07:03:43	1	0	1	0	0	0	0	0	0
14114	2026-07-20 07:03:45	1	0	1	0	0	0	0	0	0
14115	2026-07-20 07:03:48	1	0	1	0	0	0	0	0	0
14136	2026-07-20 07:03:57	1	0	1	0	0	0	0	0	0
14127	2026-07-20 07:03:59	1	0	1	0	0	0	0	0	0
14119	2026-07-20 07:04:02	1	0	1	0	0	0	0	0	0
13991	2026-07-20 07:04:24	1	0	1	0	0	0	0	0	0
13986	2026-07-20 07:04:27	1	0	1	0	0	0	0	0	0
14029	2026-07-20 07:04:30	1	0	1	0	0	0	0	0	0
13989	2026-07-20 07:05:10	1	0	1	0	0	0	0	0	0
14121	2026-07-20 07:05:49	1	0	1	0	0	0	0	0	0
14021	2026-07-20 07:06:39	1	0	1	0	0	0	0	0	0
13981	2026-07-20 07:07:24	1	0	1	0	0	0	0	0	0
13987	2026-07-20 07:08:14	1	0	1	0	0	0	0	0	0
13966	2026-07-20 07:08:16	1	0	1	0	0	0	0	0	0
14032	2026-07-20 09:31:25	1	0	1	0	0	0	0	0	0
14109	2026-07-20 09:31:46	1	0	1	0	0	0	0	0	0
14133	2026-07-20 09:31:52	1	0	1	0	0	0	0	0	0
14561	2026-07-20 12:19:03	1	0	1	0	0	0	0	0	0
14554	2026-07-20 12:23:33	1	0	1	0	0	0	0	0	0
14558	2026-07-20 12:24:19	1	0	1	0	0	0	0	0	0
14574	2026-07-20 12:25:39	1	0	1	0	0	0	0	0	0
14513	2026-07-20 12:25:48	1	0	1	0	0	0	0	0	0
14519	2026-07-20 12:25:51	1	0	1	0	0	0	0	0	0
14530	2026-07-20 12:25:54	1	0	1	0	0	0	0	0	0
14545	2026-07-20 12:28:40	1	0	1	0	0	0	0	0	0
14535	2026-07-20 12:29:11	1	0	1	0	0	0	0	0	0
14541	2026-07-20 12:30:17	1	0	1	0	0	0	0	0	0
14539	2026-07-20 12:31:24	1	0	1	0	0	0	0	0	0
14537	2026-07-20 12:32:20	1	0	1	0	0	0	0	0	0
14566	2026-07-20 12:32:51	1	0	1	0	0	0	0	0	0
14555	2026-07-20 12:33:09	1	0	1	0	0	0	0	0	0
14542	2026-07-20 12:33:15	1	0	1	0	0	0	0	0	0
14525	2026-07-20 12:33:19	1	0	1	0	0	0	0	0	0
14529	2026-07-20 12:33:27	1	0	1	0	0	0	0	0	0
14518	2026-07-20 12:34:16	1	0	1	0	0	0	0	0	0
14516	2026-07-20 12:34:19	1	0	1	0	0	0	0	0	0
14575	2026-07-20 12:34:37	1	0	1	0	0	0	0	0	0
14562	2026-07-20 12:35:08	1	0	1	0	0	0	0	0	0
14523	2026-07-20 12:35:19	1	0	1	0	0	0	0	0	0
14522	2026-07-20 12:35:22	1	0	1	0	0	0	0	0	0
14544	2026-07-20 12:35:25	1	0	1	0	0	0	0	0	0
14571	2026-07-20 12:35:45	1	0	1	0	0	0	0	0	0
14547	2026-07-20 12:35:48	1	0	1	0	0	0	0	0	0
14573	2026-07-20 12:35:51	1	0	1	0	0	0	0	0	0
14567	2026-07-20 12:35:53	1	0	1	0	0	0	0	0	0
14569	2026-07-20 12:35:58	1	0	1	0	0	0	0	0	0
14557	2026-07-20 12:36:39	1	0	1	0	0	0	0	0	0
14546	2026-07-20 12:36:41	1	0	1	0	0	0	0	0	0
14563	2026-07-20 12:37:05	1	0	1	0	0	0	0	0	0
14546	2026-07-20 15:00:26	1	0	1	0	0	0	0	0	0
14539	2026-07-20 17:02:18	1	0	1	0	0	0	0	0	0
14120	2026-07-21 06:56:10	1	0	1	0	0	0	0	0	0
14112	2026-07-21 06:56:14	1	0	1	0	0	0	0	0	0
14123	2026-07-21 07:01:18	1	0	1	0	0	0	0	0	0
14121	2026-07-21 07:01:22	1	0	1	0	0	0	0	0	0
14122	2026-07-21 07:01:30	1	0	1	0	0	0	0	0	0
14108	2026-07-21 07:01:48	1	0	1	0	0	0	0	0	0
14111	2026-07-21 07:01:53	1	0	1	0	0	0	0	0	0
14118	2026-07-21 07:01:58	1	0	1	0	0	0	0	0	0
14132	2026-07-21 07:02:34	1	0	1	0	0	0	0	0	0
14109	2026-07-21 07:02:36	1	0	1	0	0	0	0	0	0
14134	2026-07-21 07:02:42	1	0	1	0	0	0	0	0	0
14117	2026-07-21 07:02:45	1	0	1	0	0	0	0	0	0
14115	2026-07-21 07:02:56	1	0	1	0	0	0	0	0	0
14114	2026-07-21 07:03:56	1	0	1	0	0	0	0	0	0
14136	2026-07-21 07:03:59	1	0	1	0	0	0	0	0	0
14119	2026-07-21 07:04:11	1	0	1	0	0	0	0	0	0
14116	2026-07-21 07:04:24	1	0	1	0	0	0	0	0	0
14130	2026-07-21 07:04:59	1	0	1	0	0	0	0	0	0
14127	2026-07-21 07:06:02	1	0	1	0	0	0	0	0	0
14548	2026-07-21 12:13:33	1	0	1	0	0	0	0	0	0
14577	2026-07-21 12:13:37	1	0	1	0	0	0	0	0	0
14570	2026-07-21 12:15:16	1	0	1	0	0	0	0	0	0
14577	2026-07-21 12:15:18	1	0	1	0	0	0	0	0	0
14546	2026-07-21 12:15:31	1	0	1	0	0	0	0	0	0
14558	2026-07-21 12:15:33	1	0	1	0	0	0	0	0	0
14557	2026-07-21 12:15:36	1	0	1	0	0	0	0	0	0
14561	2026-07-21 12:15:45	1	0	1	0	0	0	0	0	0
14542	2026-07-21 12:22:23	1	0	1	0	0	0	0	0	0
14568	2026-07-21 12:23:52	1	0	1	0	0	0	0	0	0
14563	2026-07-21 12:23:54	1	0	1	0	0	0	0	0	0
14547	2026-07-21 12:24:40	1	0	1	0	0	0	0	0	0
14571	2026-07-21 12:24:42	1	0	1	0	0	0	0	0	0
14573	2026-07-21 12:24:56	1	0	1	0	0	0	0	0	0
14522	2026-07-21 12:25:47	1	0	1	0	0	0	0	0	0
14554	2026-07-21 12:25:51	1	0	1	0	0	0	0	0	0
14562	2026-07-21 12:27:37	1	0	1	0	0	0	0	0	0
14552	2026-07-21 12:28:24	1	0	1	0	0	0	0	0	0
14567	2026-07-21 12:29:01	1	0	1	0	0	0	0	0	0
14549	2026-07-21 12:29:04	1	0	1	0	0	0	0	0	0
14537	2026-07-21 12:30:10	1	0	1	0	0	0	0	0	0
14543	2026-07-21 12:30:13	1	0	1	0	0	0	0	0	0
14529	2026-07-21 12:30:15	1	0	1	0	0	0	0	0	0
14525	2026-07-21 12:35:35	1	0	1	0	0	0	0	0	0
14555	2026-07-21 12:35:42	1	0	1	0	0	0	0	0	0
14575	2026-07-21 12:37:40	1	0	1	0	0	0	0	0	0
14516	2026-07-21 12:37:47	1	0	1	0	0	0	0	0	0
14518	2026-07-21 12:37:49	1	0	1	0	0	0	0	0	0
14566	2026-07-21 12:38:03	1	0	1	0	0	0	0	0	0
14572	2026-07-21 12:38:06	1	0	1	0	0	0	0	0	0
14545	2026-07-21 17:04:24	1	0	1	0	0	0	0	0	0
14128	2026-07-22 06:52:19	1	0	1	0	0	0	0	0	0
14116	2026-07-22 06:52:29	1	0	1	0	0	0	0	0	0
14120	2026-07-22 06:58:21	1	0	1	0	0	0	0	0	0
14123	2026-07-22 06:58:26	1	0	1	0	0	0	0	0	0
14109	2026-07-22 06:58:30	1	0	1	0	0	0	0	0	0
14132	2026-07-22 06:59:20	1	0	1	0	0	0	0	0	0
14117	2026-07-22 06:59:22	1	0	1	0	0	0	0	0	0
14111	2026-07-22 06:59:29	1	0	1	0	0	0	0	0	0
14108	2026-07-22 06:59:43	1	0	1	0	0	0	0	0	0
14115	2026-07-22 06:59:52	1	0	1	0	0	0	0	0	0
14119	2026-07-22 06:59:55	1	0	1	0	0	0	0	0	0
14124	2026-07-22 07:00:00	1	0	1	0	0	0	0	0	0
14122	2026-07-22 07:00:05	1	0	1	0	0	0	0	0	0
14129	2026-07-22 07:00:23	1	0	1	0	0	0	0	0	0
14136	2026-07-22 07:00:28	1	0	1	0	0	0	0	0	0
14121	2026-07-22 07:02:11	1	0	1	0	0	0	0	0	0
14118	2026-07-22 07:02:14	1	0	1	0	0	0	0	0	0
14133	2026-07-22 07:07:22	1	0	1	0	0	0	0	0	0
14127	2026-07-22 07:09:20	1	0	1	0	0	0	0	0	0
14106	2026-07-22 07:09:23	1	0	1	0	0	0	0	0	0
14114	2026-07-22 07:47:12	1	0	1	0	0	0	0	0	0
14120	2026-07-22 12:09:32	1	0	1	0	0	0	0	0	0
14535	2026-07-22 12:20:36	1	0	1	0	0	0	0	0	0
14548	2026-07-22 12:21:00	1	0	1	0	0	0	0	0	0
14570	2026-07-22 12:21:15	1	0	1	0	0	0	0	0	0
14577	2026-07-22 12:21:19	1	0	1	0	0	0	0	0	0
14555	2026-07-22 12:22:52	1	0	1	0	0	0	0	0	0
14544	2026-07-22 12:23:40	1	0	1	0	0	0	0	0	0
14546	2026-07-22 12:26:21	1	0	1	0	0	0	0	0	0
14558	2026-07-22 12:26:24	1	0	1	0	0	0	0	0	0
14557	2026-07-22 12:26:32	1	0	1	0	0	0	0	0	0
14566	2026-07-22 12:28:15	1	0	1	0	0	0	0	0	0
14529	2026-07-22 12:28:18	1	0	1	0	0	0	0	0	0
14571	2026-07-22 12:28:55	1	0	1	0	0	0	0	0	0
14573	2026-07-22 12:29:27	1	0	1	0	0	0	0	0	0
14567	2026-07-22 12:29:29	1	0	1	0	0	0	0	0	0
14547	2026-07-22 12:29:31	1	0	1	0	0	0	0	0	0
14543	2026-07-22 12:29:43	1	0	1	0	0	0	0	0	0
14562	2026-07-22 12:30:10	1	0	1	0	0	0	0	0	0
14575	2026-07-22 12:30:13	1	0	1	0	0	0	0	0	0
14569	2026-07-22 12:30:59	1	0	1	0	0	0	0	0	0
14518	2026-07-22 12:32:13	1	0	1	0	0	0	0	0	0
14516	2026-07-22 12:32:15	1	0	1	0	0	0	0	0	0
14552	2026-07-22 12:34:35	1	0	1	0	0	0	0	0	0
14123	2026-07-23 06:58:59	1	0	1	0	0	0	0	0	0
14111	2026-07-23 06:59:02	1	0	1	0	0	0	0	0	0
14108	2026-07-23 06:59:23	1	0	1	0	0	0	0	0	0
14134	2026-07-23 06:59:34	1	0	1	0	0	0	0	0	0
14120	2026-07-23 06:59:37	1	0	1	0	0	0	0	0	0
14132	2026-07-23 06:59:40	1	0	1	0	0	0	0	0	0
14122	2026-07-23 06:59:44	1	0	1	0	0	0	0	0	0
14116	2026-07-23 07:02:03	1	0	1	0	0	0	0	0	0
14109	2026-07-23 07:02:16	1	0	1	0	0	0	0	0	0
14115	2026-07-23 07:02:43	1	0	1	0	0	0	0	0	0
14133	2026-07-23 07:02:48	1	0	1	0	0	0	0	0	0
14119	2026-07-23 07:03:24	1	0	1	0	0	0	0	0	0
14130	2026-07-23 07:03:48	1	0	1	0	0	0	0	0	0
14136	2026-07-23 07:04:08	1	0	1	0	0	0	0	0	0
14129	2026-07-23 07:04:24	1	0	1	0	0	0	0	0	0
14127	2026-07-23 07:05:30	1	0	1	0	0	0	0	0	0
14124	2026-07-23 07:05:39	1	0	1	0	0	0	0	0	0
14118	2026-07-23 07:05:42	1	0	1	0	0	0	0	0	0
14129	2026-07-23 08:08:04	1	0	1	0	0	0	0	0	0
14129	2026-07-23 12:11:06	1	0	1	0	0	0	0	0	0
14518	2026-07-23 12:21:11	1	0	1	0	0	0	0	0	0
14541	2026-07-23 12:21:54	1	0	1	0	0	0	0	0	0
14546	2026-07-23 12:22:20	1	0	1	0	0	0	0	0	0
14529	2026-07-23 12:22:33	1	0	1	0	0	0	0	0	0
14537	2026-07-23 12:23:05	1	0	1	0	0	0	0	0	0
14544	2026-07-23 12:23:14	1	0	1	0	0	0	0	0	0
14555	2026-07-23 12:23:55	1	0	1	0	0	0	0	0	0
14563	2026-07-23 12:24:13	1	0	1	0	0	0	0	0	0
14558	2026-07-23 12:26:11	1	0	1	0	0	0	0	0	0
14543	2026-07-23 12:27:06	1	0	1	0	0	0	0	0	0
14566	2026-07-23 12:27:22	1	0	1	0	0	0	0	0	0
14562	2026-07-23 12:29:43	1	0	1	0	0	0	0	0	0
14577	2026-07-23 12:30:38	1	0	1	0	0	0	0	0	0
14548	2026-07-23 12:30:41	1	0	1	0	0	0	0	0	0
14569	2026-07-23 12:30:43	1	0	1	0	0	0	0	0	0
14573	2026-07-23 12:32:11	1	0	1	0	0	0	0	0	0
14557	2026-07-23 12:33:06	1	0	1	0	0	0	0	0	0
14516	2026-07-23 12:33:18	1	0	1	0	0	0	0	0	0
14572	2026-07-23 12:36:59	1	0	1	0	0	0	0	0	0
14552	2026-07-23 12:42:47	1	0	1	0	0	0	0	0	0
14543	2026-07-23 12:51:46	1	0	1	0	0	0	0	0	0
14123	2026-07-24 07:01:14	1	0	1	0	0	0	0	0	0
14128	2026-07-24 07:01:19	1	0	1	0	0	0	0	0	0
14106	2026-07-24 07:01:26	1	0	1	0	0	0	0	0	0
14116	2026-07-24 07:01:35	1	0	1	0	0	0	0	0	0
14134	2026-07-24 07:01:44	1	0	1	0	0	0	0	0	0
14120	2026-07-24 07:01:51	1	0	1	0	0	0	0	0	0
14108	2026-07-24 07:01:53	1	0	1	0	0	0	0	0	0
14122	2026-07-24 07:02:00	1	0	1	0	0	0	0	0	0
14109	2026-07-24 07:02:37	1	0	1	0	0	0	0	0	0
14111	2026-07-24 07:02:48	1	0	1	0	0	0	0	0	0
14119	2026-07-24 07:02:56	1	0	1	0	0	0	0	0	0
14118	2026-07-24 07:05:34	1	0	1	0	0	0	0	0	0
14121	2026-07-24 07:05:39	1	0	1	0	0	0	0	0	0
14127	2026-07-24 07:10:25	1	0	1	0	0	0	0	0	0
14114	2026-07-24 07:19:23	1	0	1	0	0	0	0	0	0
14134	2026-07-24 09:59:53	1	0	1	0	0	0	0	0	0
14575	2026-07-24 12:50:44	1	0	1	0	0	0	0	0	0
14543	2026-07-24 12:51:12	1	0	1	0	0	0	0	0	0
14541	2026-07-24 12:51:15	1	0	1	0	0	0	0	0	0
14522	2026-07-24 12:51:18	1	0	1	0	0	0	0	0	0
14537	2026-07-24 12:51:25	1	0	1	0	0	0	0	0	0
14534	2026-07-24 12:51:33	1	0	1	0	0	0	0	0	0
14571	2026-07-24 12:51:41	1	0	1	0	0	0	0	0	0
14566	2026-07-24 12:54:34	1	0	1	0	0	0	0	0	0
14529	2026-07-24 12:54:42	1	0	1	0	0	0	0	0	0
14573	2026-07-24 12:58:11	1	0	1	0	0	0	0	0	0
14558	2026-07-24 12:58:14	1	0	1	0	0	0	0	0	0
14574	2026-07-24 12:58:16	1	0	1	0	0	0	0	0	0
14567	2026-07-24 12:58:20	1	0	1	0	0	0	0	0	0
14562	2026-07-24 13:00:17	1	0	1	0	0	0	0	0	0
14557	2026-07-24 13:14:32	1	0	1	0	0	0	0	0	0
14546	2026-07-24 13:14:39	1	0	1	0	0	0	0	0	0
13992	2026-07-27 06:48:04	1	0	1	0	0	0	0	0	0
13977	2026-07-27 06:49:13	1	0	1	0	0	0	0	0	0
13999	2026-07-27 06:49:23	1	0	1	0	0	0	0	0	0
13978	2026-07-27 06:49:55	1	0	1	0	0	0	0	0	0
13973	2026-07-27 06:50:11	1	0	1	0	0	0	0	0	0
13970	2026-07-27 06:50:18	1	0	1	0	0	0	0	0	0
14020	2026-07-27 06:51:30	1	0	1	0	0	0	0	0	0
13980	2026-07-27 06:54:23	1	0	1	0	0	0	0	0	0
13968	2026-07-27 06:54:28	1	0	1	0	0	0	0	0	0
14002	2026-07-27 06:56:52	1	0	1	0	0	0	0	0	0
13996	2026-07-27 06:57:28	1	0	1	0	0	0	0	0	0
13969	2026-07-27 06:57:34	1	0	1	0	0	0	0	0	0
13997	2026-07-27 06:58:08	1	0	1	0	0	0	0	0	0
14011	2026-07-27 06:58:21	1	0	1	0	0	0	0	0	0
14013	2026-07-27 06:58:29	1	0	1	0	0	0	0	0	0
14004	2026-07-27 06:58:43	1	0	1	0	0	0	0	0	0
14120	2026-07-27 06:58:52	1	0	1	0	0	0	0	0	0
14003	2026-07-27 06:58:55	1	0	1	0	0	0	0	0	0
14018	2026-07-27 06:58:58	1	0	1	0	0	0	0	0	0
13984	2026-07-27 06:59:01	1	0	1	0	0	0	0	0	0
14032	2026-07-27 06:59:07	1	0	1	0	0	0	0	0	0
13983	2026-07-27 06:59:11	1	0	1	0	0	0	0	0	0
13976	2026-07-27 06:59:15	1	0	1	0	0	0	0	0	0
14109	2026-07-27 06:59:22	1	0	1	0	0	0	0	0	0
14007	2026-07-27 06:59:33	1	0	1	0	0	0	0	0	0
13998	2026-07-27 06:59:36	1	0	1	0	0	0	0	0	0
14118	2026-07-27 06:59:40	1	0	1	0	0	0	0	0	0
14009	2026-07-27 06:59:43	1	0	1	0	0	0	0	0	0
14006	2026-07-27 06:59:47	1	0	1	0	0	0	0	0	0
14127	2026-07-27 06:59:51	1	0	1	0	0	0	0	0	0
14134	2026-07-27 06:59:59	1	0	1	0	0	0	0	0	0
14132	2026-07-27 07:00:03	1	0	1	0	0	0	0	0	0
14005	2026-07-27 07:00:07	1	0	1	0	0	0	0	0	0
13991	2026-07-27 07:00:11	1	0	1	0	0	0	0	0	0
14017	2026-07-27 07:00:14	1	0	1	0	0	0	0	0	0
13989	2026-07-27 07:00:18	1	0	1	0	0	0	0	0	0
14025	2026-07-27 07:01:13	1	0	1	0	0	0	0	0	0
14108	2026-07-27 07:01:17	1	0	1	0	0	0	0	0	0
14114	2026-07-27 07:01:30	1	0	1	0	0	0	0	0	0
14128	2026-07-27 07:01:34	1	0	1	0	0	0	0	0	0
14119	2026-07-27 07:01:37	1	0	1	0	0	0	0	0	0
13967	2026-07-27 07:01:39	1	0	1	0	0	0	0	0	0
14123	2026-07-27 07:02:09	1	0	1	0	0	0	0	0	0
14124	2026-07-27 07:02:14	1	0	1	0	0	0	0	0	0
13990	2026-07-27 07:02:18	1	0	1	0	0	0	0	0	0
14016	2026-07-27 07:02:21	1	0	1	0	0	0	0	0	0
14033	2026-07-27 07:02:33	1	0	1	0	0	0	0	0	0
14030	2026-07-27 07:02:37	1	0	1	0	0	0	0	0	0
13995	2026-07-27 07:04:16	1	0	1	0	0	0	0	0	0
13974	2026-07-27 07:04:19	1	0	1	0	0	0	0	0	0
13986	2026-07-27 07:05:35	1	0	1	0	0	0	0	0	0
14122	2026-07-27 07:07:00	1	0	1	0	0	0	0	0	0
14133	2026-07-27 07:07:03	1	0	1	0	0	0	0	0	0
14015	2026-07-27 07:08:56	1	0	1	0	0	0	0	0	0
14117	2026-07-27 07:17:59	1	0	1	0	0	0	0	0	0
14002	2026-07-27 12:17:19	1	0	1	0	0	0	0	0	0
14502	2026-07-27 12:22:39	1	0	1	0	0	0	0	0	0
14495	2026-07-27 12:22:49	1	0	1	0	0	0	0	0	0
14462	2026-07-27 12:22:54	1	0	1	0	0	0	0	0	0
14474	2026-07-27 12:22:56	1	0	1	0	0	0	0	0	0
14469	2026-07-27 12:23:06	1	0	1	0	0	0	0	0	0
14458	2026-07-27 12:23:09	1	0	1	0	0	0	0	0	0
14498	2026-07-27 12:23:26	1	0	1	0	0	0	0	0	0
14509	2026-07-27 12:23:33	1	0	1	0	0	0	0	0	0
14448	2026-07-27 12:23:39	1	0	1	0	0	0	0	0	0
14492	2026-07-27 12:24:31	1	0	1	0	0	0	0	0	0
14507	2026-07-27 12:24:37	1	0	1	0	0	0	0	0	0
14594	2026-07-27 12:24:46	1	0	1	0	0	0	0	0	0
14601	2026-07-27 12:24:49	1	0	1	0	0	0	0	0	0
14578	2026-07-27 12:24:57	1	0	1	0	0	0	0	0	0
14595	2026-07-27 12:25:04	1	0	1	0	0	0	0	0	0
14585	2026-07-27 12:25:07	1	0	1	0	0	0	0	0	0
14131	2026-07-27 12:25:10	1	0	1	0	0	0	0	0	0
14580	2026-07-27 12:25:17	1	0	1	0	0	0	0	0	0
14587	2026-07-27 12:25:22	1	0	1	0	0	0	0	0	0
14598	2026-07-27 12:25:29	1	0	1	0	0	0	0	0	0
14604	2026-07-27 12:25:33	1	0	1	0	0	0	0	0	0
14511	2026-07-27 12:26:11	1	0	1	0	0	0	0	0	0
14581	2026-07-27 12:26:55	1	0	1	0	0	0	0	0	0
14596	2026-07-27 12:26:58	1	0	1	0	0	0	0	0	0
14588	2026-07-27 12:27:01	1	0	1	0	0	0	0	0	0
14607	2026-07-27 12:27:03	1	0	1	0	0	0	0	0	0
14461	2026-07-27 12:27:06	1	0	1	0	0	0	0	0	0
14490	2026-07-27 12:27:20	1	0	1	0	0	0	0	0	0
14485	2026-07-27 12:27:23	1	0	1	0	0	0	0	0	0
14491	2026-07-27 12:27:53	1	0	1	0	0	0	0	0	0
14584	2026-07-27 12:28:14	1	0	1	0	0	0	0	0	0
14599	2026-07-27 12:30:29	1	0	1	0	0	0	0	0	0
14466	2026-07-27 12:30:35	1	0	1	0	0	0	0	0	0
14504	2026-07-27 12:31:51	1	0	1	0	0	0	0	0	0
14496	2026-07-27 12:31:54	1	0	1	0	0	0	0	0	0
14476	2026-07-27 12:31:57	1	0	1	0	0	0	0	0	0
14478	2026-07-27 12:32:00	1	0	1	0	0	0	0	0	0
14592	2026-07-27 12:32:07	1	0	1	0	0	0	0	0	0
14454	2026-07-27 12:32:23	1	0	1	0	0	0	0	0	0
14605	2026-07-27 12:32:30	1	0	1	0	0	0	0	0	0
14503	2026-07-27 12:32:34	1	0	1	0	0	0	0	0	0
14486	2026-07-27 12:36:19	1	0	1	0	0	0	0	0	0
14482	2026-07-27 12:36:27	1	0	1	0	0	0	0	0	0
14593	2026-07-27 12:38:26	1	0	1	0	0	0	0	0	0
14467	2026-07-27 12:56:09	1	0	1	0	0	0	0	0	0
14603	2026-07-27 13:01:48	1	0	1	0	0	0	0	0	0
14603	2026-07-27 15:29:20	1	0	1	0	0	0	0	0	0
14009	2026-07-28 06:47:16	1	0	1	0	0	0	0	0	0
13992	2026-07-28 06:47:45	1	0	1	0	0	0	0	0	0
14023	2026-07-28 06:48:45	1	0	1	0	0	0	0	0	0
13998	2026-07-28 06:49:32	1	0	1	0	0	0	0	0	0
13993	2026-07-28 06:49:54	1	0	1	0	0	0	0	0	0
13997	2026-07-28 06:54:45	1	0	1	0	0	0	0	0	0
13983	2026-07-28 06:54:48	1	0	1	0	0	0	0	0	0
13999	2026-07-28 06:55:43	1	0	1	0	0	0	0	0	0
14006	2026-07-28 06:55:51	1	0	1	0	0	0	0	0	0
13980	2026-07-28 06:55:55	1	0	1	0	0	0	0	0	0
13971	2026-07-28 06:55:59	1	0	1	0	0	0	0	0	0
13976	2026-07-28 06:57:03	1	0	1	0	0	0	0	0	0
13977	2026-07-28 06:57:12	1	0	1	0	0	0	0	0	0
13968	2026-07-28 06:57:16	1	0	1	0	0	0	0	0	0
13966	2026-07-28 06:57:20	1	0	1	0	0	0	0	0	0
13987	2026-07-28 06:57:23	1	0	1	0	0	0	0	0	0
13978	2026-07-28 06:57:44	1	0	1	0	0	0	0	0	0
14000	2026-07-28 06:57:49	1	0	1	0	0	0	0	0	0
14018	2026-07-28 06:57:52	1	0	1	0	0	0	0	0	0
14002	2026-07-28 06:57:55	1	0	1	0	0	0	0	0	0
14022	2026-07-28 06:59:03	1	0	1	0	0	0	0	0	0
14005	2026-07-28 06:59:11	1	0	1	0	0	0	0	0	0
13991	2026-07-28 06:59:16	1	0	1	0	0	0	0	0	0
13970	2026-07-28 06:59:23	1	0	1	0	0	0	0	0	0
13989	2026-07-28 06:59:40	1	0	1	0	0	0	0	0	0
14030	2026-07-28 07:00:21	1	0	1	0	0	0	0	0	0
13996	2026-07-28 07:00:30	1	0	1	0	0	0	0	0	0
13984	2026-07-28 07:00:34	1	0	1	0	0	0	0	0	0
13981	2026-07-28 07:00:36	1	0	1	0	0	0	0	0	0
13969	2026-07-28 07:00:39	1	0	1	0	0	0	0	0	0
14032	2026-07-28 07:00:43	1	0	1	0	0	0	0	0	0
14007	2026-07-28 07:01:59	1	0	1	0	0	0	0	0	0
14017	2026-07-28 07:02:03	1	0	1	0	0	0	0	0	0
14025	2026-07-28 07:02:16	1	0	1	0	0	0	0	0	0
13967	2026-07-28 07:02:51	1	0	1	0	0	0	0	0	0
13990	2026-07-28 07:04:08	1	0	1	0	0	0	0	0	0
13995	2026-07-28 07:05:32	1	0	1	0	0	0	0	0	0
13974	2026-07-28 07:05:35	1	0	1	0	0	0	0	0	0
13986	2026-07-28 07:05:38	1	0	1	0	0	0	0	0	0
14033	2026-07-28 07:06:28	1	0	1	0	0	0	0	0	0
14015	2026-07-28 07:07:42	1	0	1	0	0	0	0	0	0
14029	2026-07-28 07:27:19	1	0	1	0	0	0	0	0	0
14511	2026-07-28 12:18:55	1	0	1	0	0	0	0	0	0
14491	2026-07-28 12:19:43	1	0	1	0	0	0	0	0	0
14509	2026-07-28 12:21:53	1	0	1	0	0	0	0	0	0
14495	2026-07-28 12:22:33	1	0	1	0	0	0	0	0	0
14469	2026-07-28 12:22:47	1	0	1	0	0	0	0	0	0
14466	2026-07-28 12:22:49	1	0	1	0	0	0	0	0	0
14462	2026-07-28 12:22:57	1	0	1	0	0	0	0	0	0
14470	2026-07-28 12:23:00	1	0	1	0	0	0	0	0	0
14456	2026-07-28 12:23:02	1	0	1	0	0	0	0	0	0
14598	2026-07-28 12:23:11	1	0	1	0	0	0	0	0	0
14585	2026-07-28 12:24:06	1	0	1	0	0	0	0	0	0
14587	2026-07-28 12:24:10	1	0	1	0	0	0	0	0	0
14594	2026-07-28 12:24:17	1	0	1	0	0	0	0	0	0
14474	2026-07-28 12:24:22	1	0	1	0	0	0	0	0	0
14451	2026-07-28 12:24:25	1	0	1	0	0	0	0	0	0
14578	2026-07-28 12:24:36	1	0	1	0	0	0	0	0	0
14601	2026-07-28 12:24:39	1	0	1	0	0	0	0	0	0
14448	2026-07-28 12:25:20	1	0	1	0	0	0	0	0	0
14596	2026-07-28 12:25:31	1	0	1	0	0	0	0	0	0
14498	2026-07-28 12:27:49	1	0	1	0	0	0	0	0	0
14490	2026-07-28 12:27:51	1	0	1	0	0	0	0	0	0
14492	2026-07-28 12:27:54	1	0	1	0	0	0	0	0	0
14478	2026-07-28 12:28:45	1	0	1	0	0	0	0	0	0
14604	2026-07-28 12:28:53	1	0	1	0	0	0	0	0	0
14582	2026-07-28 12:28:56	1	0	1	0	0	0	0	0	0
14580	2026-07-28 12:28:59	1	0	1	0	0	0	0	0	0
14584	2026-07-28 12:29:01	1	0	1	0	0	0	0	0	0
14476	2026-07-28 12:30:06	1	0	1	0	0	0	0	0	0
14464	2026-07-28 12:30:09	1	0	1	0	0	0	0	0	0
14607	2026-07-28 12:30:30	1	0	1	0	0	0	0	0	0
14452	2026-07-28 12:30:46	1	0	1	0	0	0	0	0	0
14458	2026-07-28 12:31:07	1	0	1	0	0	0	0	0	0
14595	2026-07-28 12:32:15	1	0	1	0	0	0	0	0	0
14583	2026-07-28 12:35:24	1	0	1	0	0	0	0	0	0
14606	2026-07-28 12:35:28	1	0	1	0	0	0	0	0	0
14593	2026-07-28 12:36:47	1	0	1	0	0	0	0	0	0
14486	2026-07-28 12:37:35	1	0	1	0	0	0	0	0	0
14496	2026-07-28 12:37:38	1	0	1	0	0	0	0	0	0
14489	2026-07-28 12:37:41	1	0	1	0	0	0	0	0	0
14592	2026-07-28 12:39:04	1	0	1	0	0	0	0	0	0
14599	2026-07-28 12:40:58	1	0	1	0	0	0	0	0	0
14482	2026-07-28 14:25:55	1	0	1	0	0	0	0	0	0
14497	2026-07-28 15:08:06	1	0	1	0	0	0	0	0	0
14508	2026-07-28 15:30:30	1	0	1	0	0	0	0	0	0
13992	2026-07-29 06:42:59	1	0	1	0	0	0	0	0	0
13977	2026-07-29 06:45:34	1	0	1	0	0	0	0	0	0
13993	2026-07-29 06:51:55	1	0	1	0	0	0	0	0	0
13968	2026-07-29 06:53:39	1	0	1	0	0	0	0	0	0
13991	2026-07-29 06:54:09	1	0	1	0	0	0	0	0	0
13971	2026-07-29 06:54:11	1	0	1	0	0	0	0	0	0
13989	2026-07-29 06:54:14	1	0	1	0	0	0	0	0	0
13978	2026-07-29 06:54:21	1	0	1	0	0	0	0	0	0
13980	2026-07-29 06:54:32	1	0	1	0	0	0	0	0	0
13998	2026-07-29 06:54:36	1	0	1	0	0	0	0	0	0
13976	2026-07-29 06:56:07	1	0	1	0	0	0	0	0	0
13983	2026-07-29 06:57:21	1	0	1	0	0	0	0	0	0
14030	2026-07-29 06:57:38	1	0	1	0	0	0	0	0	0
14032	2026-07-29 06:57:41	1	0	1	0	0	0	0	0	0
13984	2026-07-29 06:57:44	1	0	1	0	0	0	0	0	0
14009	2026-07-29 06:58:23	1	0	1	0	0	0	0	0	0
14026	2026-07-29 06:58:28	1	0	1	0	0	0	0	0	0
14022	2026-07-29 06:58:31	1	0	1	0	0	0	0	0	0
14002	2026-07-29 06:58:34	1	0	1	0	0	0	0	0	0
13997	2026-07-29 06:58:39	1	0	1	0	0	0	0	0	0
14004	2026-07-29 06:58:45	1	0	1	0	0	0	0	0	0
14011	2026-07-29 06:58:55	1	0	1	0	0	0	0	0	0
14006	2026-07-29 06:59:52	1	0	1	0	0	0	0	0	0
14016	2026-07-29 07:00:00	1	0	1	0	0	0	0	0	0
13996	2026-07-29 07:00:02	1	0	1	0	0	0	0	0	0
13981	2026-07-29 07:00:05	1	0	1	0	0	0	0	0	0
13969	2026-07-29 07:00:08	1	0	1	0	0	0	0	0	0
14018	2026-07-29 07:00:23	1	0	1	0	0	0	0	0	0
14007	2026-07-29 07:00:27	1	0	1	0	0	0	0	0	0
14017	2026-07-29 07:00:30	1	0	1	0	0	0	0	0	0
13987	2026-07-29 07:00:37	1	0	1	0	0	0	0	0	0
13966	2026-07-29 07:00:40	1	0	1	0	0	0	0	0	0
13999	2026-07-29 07:01:06	1	0	1	0	0	0	0	0	0
13974	2026-07-29 07:02:07	1	0	1	0	0	0	0	0	0
14003	2026-07-29 07:02:15	1	0	1	0	0	0	0	0	0
14005	2026-07-29 07:02:21	1	0	1	0	0	0	0	0	0
13990	2026-07-29 07:02:45	1	0	1	0	0	0	0	0	0
14033	2026-07-29 07:04:16	1	0	1	0	0	0	0	0	0
13967	2026-07-29 07:06:19	1	0	1	0	0	0	0	0	0
13986	2026-07-29 07:08:12	1	0	1	0	0	0	0	0	0
14025	2026-07-29 07:10:00	1	0	1	0	0	0	0	0	0
13972	2026-07-29 07:36:34	1	0	1	0	0	0	0	0	0
13970	2026-07-29 07:59:35	1	0	1	0	0	0	0	0	0
14452	2026-07-29 12:25:24	1	0	1	0	0	0	0	0	0
14454	2026-07-29 12:25:39	1	0	1	0	0	0	0	0	0
14491	2026-07-29 12:25:58	1	0	1	0	0	0	0	0	0
14594	2026-07-29 12:29:10	1	0	1	0	0	0	0	0	0
14596	2026-07-29 12:29:17	1	0	1	0	0	0	0	0	0
14593	2026-07-29 12:29:23	1	0	1	0	0	0	0	0	0
14469	2026-07-29 12:29:26	1	0	1	0	0	0	0	0	0
14509	2026-07-29 12:29:30	1	0	1	0	0	0	0	0	0
14467	2026-07-29 12:29:43	1	0	1	0	0	0	0	0	0
14465	2026-07-29 12:29:46	1	0	1	0	0	0	0	0	0
14462	2026-07-29 12:29:49	1	0	1	0	0	0	0	0	0
14470	2026-07-29 12:29:52	1	0	1	0	0	0	0	0	0
14484	2026-07-29 12:29:55	1	0	1	0	0	0	0	0	0
14498	2026-07-29 12:29:58	1	0	1	0	0	0	0	0	0
14490	2026-07-29 12:30:00	1	0	1	0	0	0	0	0	0
14492	2026-07-29 12:30:06	1	0	1	0	0	0	0	0	0
14504	2026-07-29 12:30:09	1	0	1	0	0	0	0	0	0
14461	2026-07-29 12:30:12	1	0	1	0	0	0	0	0	0
14460	2026-07-29 12:30:15	1	0	1	0	0	0	0	0	0
14459	2026-07-29 12:30:24	1	0	1	0	0	0	0	0	0
14457	2026-07-29 12:30:27	1	0	1	0	0	0	0	0	0
14598	2026-07-29 12:30:34	1	0	1	0	0	0	0	0	0
14587	2026-07-29 12:30:46	1	0	1	0	0	0	0	0	0
14588	2026-07-29 12:30:53	1	0	1	0	0	0	0	0	0
14595	2026-07-29 12:30:57	1	0	1	0	0	0	0	0	0
14582	2026-07-29 12:31:00	1	0	1	0	0	0	0	0	0
14605	2026-07-29 12:31:08	1	0	1	0	0	0	0	0	0
14581	2026-07-29 12:31:10	1	0	1	0	0	0	0	0	0
14584	2026-07-29 12:31:18	1	0	1	0	0	0	0	0	0
14592	2026-07-29 12:31:21	1	0	1	0	0	0	0	0	0
14458	2026-07-29 12:31:24	1	0	1	0	0	0	0	0	0
14604	2026-07-29 12:31:31	1	0	1	0	0	0	0	0	0
14473	2026-07-29 12:31:35	1	0	1	0	0	0	0	0	0
14479	2026-07-29 12:31:44	1	0	1	0	0	0	0	0	0
14456	2026-07-29 12:31:50	1	0	1	0	0	0	0	0	0
14601	2026-07-29 12:31:56	1	0	1	0	0	0	0	0	0
14579	2026-07-29 12:32:01	1	0	1	0	0	0	0	0	0
14578	2026-07-29 12:32:05	1	0	1	0	0	0	0	0	0
14497	2026-07-29 12:32:12	1	0	1	0	0	0	0	0	0
14511	2026-07-29 12:32:16	1	0	1	0	0	0	0	0	0
14503	2026-07-29 12:32:20	1	0	1	0	0	0	0	0	0
14607	2026-07-29 12:32:24	1	0	1	0	0	0	0	0	0
14477	2026-07-29 12:32:31	1	0	1	0	0	0	0	0	0
14450	2026-07-29 12:32:37	1	0	1	0	0	0	0	0	0
14464	2026-07-29 12:32:41	1	0	1	0	0	0	0	0	0
14488	2026-07-29 12:32:45	1	0	1	0	0	0	0	0	0
14449	2026-07-29 12:32:49	1	0	1	0	0	0	0	0	0
14602	2026-07-29 12:33:10	1	0	1	0	0	0	0	0	0
14589	2026-07-29 12:33:18	1	0	1	0	0	0	0	0	0
14466	2026-07-29 12:33:26	1	0	1	0	0	0	0	0	0
14606	2026-07-29 12:33:29	1	0	1	0	0	0	0	0	0
14583	2026-07-29 12:33:33	1	0	1	0	0	0	0	0	0
14510	2026-07-29 12:33:57	1	0	1	0	0	0	0	0	0
14512	2026-07-29 12:34:17	1	0	1	0	0	0	0	0	0
14482	2026-07-29 12:34:27	1	0	1	0	0	0	0	0	0
14489	2026-07-29 12:34:30	1	0	1	0	0	0	0	0	0
14486	2026-07-29 12:34:33	1	0	1	0	0	0	0	0	0
14496	2026-07-29 12:34:38	1	0	1	0	0	0	0	0	0
14585	2026-07-29 12:34:46	1	0	1	0	0	0	0	0	0
14494	2026-07-29 12:35:14	1	0	1	0	0	0	0	0	0
14471	2026-07-29 12:35:36	1	0	1	0	0	0	0	0	0
14476	2026-07-29 12:35:40	1	0	1	0	0	0	0	0	0
14599	2026-07-29 12:44:46	1	0	1	0	0	0	0	0	0
14607	2026-07-29 13:01:34	1	0	1	0	0	0	0	0	0
14585	2026-07-29 13:01:39	1	0	1	0	0	0	0	0	0
13971	2026-07-30 06:47:02	1	0	1	0	0	0	0	0	0
13977	2026-07-30 06:47:44	1	0	1	0	0	0	0	0	0
13993	2026-07-30 06:53:58	1	0	1	0	0	0	0	0	0
13980	2026-07-30 06:54:11	1	0	1	0	0	0	0	0	0
13970	2026-07-30 06:54:18	1	0	1	0	0	0	0	0	0
14004	2026-07-30 06:54:22	1	0	1	0	0	0	0	0	0
13968	2026-07-30 06:54:28	1	0	1	0	0	0	0	0	0
14002	2026-07-30 06:55:09	1	0	1	0	0	0	0	0	0
13969	2026-07-30 06:57:20	1	0	1	0	0	0	0	0	0
13996	2026-07-30 06:57:26	1	0	1	0	0	0	0	0	0
13999	2026-07-30 06:57:36	1	0	1	0	0	0	0	0	0
14013	2026-07-30 06:57:38	1	0	1	0	0	0	0	0	0
13998	2026-07-30 07:00:09	1	0	1	0	0	0	0	0	0
13972	2026-07-30 07:00:14	1	0	1	0	0	0	0	0	0
14021	2026-07-30 07:00:29	1	0	1	0	0	0	0	0	0
13983	2026-07-30 07:00:30	1	0	1	0	0	0	0	0	0
13992	2026-07-30 07:00:35	1	0	1	0	0	0	0	0	0
14017	2026-07-30 07:00:38	1	0	1	0	0	0	0	0	0
14032	2026-07-30 07:00:41	1	0	1	0	0	0	0	0	0
14030	2026-07-30 07:00:44	1	0	1	0	0	0	0	0	0
13966	2026-07-30 07:00:47	1	0	1	0	0	0	0	0	0
13987	2026-07-30 07:00:50	1	0	1	0	0	0	0	0	0
14007	2026-07-30 07:00:56	1	0	1	0	0	0	0	0	0
13991	2026-07-30 07:00:59	1	0	1	0	0	0	0	0	0
14022	2026-07-30 07:01:02	1	0	1	0	0	0	0	0	0
14006	2026-07-30 07:01:05	1	0	1	0	0	0	0	0	0
13974	2026-07-30 07:01:08	1	0	1	0	0	0	0	0	0
14011	2026-07-30 07:01:17	1	0	1	0	0	0	0	0	0
14005	2026-07-30 07:01:21	1	0	1	0	0	0	0	0	0
13989	2026-07-30 07:01:32	1	0	1	0	0	0	0	0	0
14003	2026-07-30 07:01:36	1	0	1	0	0	0	0	0	0
13997	2026-07-30 07:01:38	1	0	1	0	0	0	0	0	0
14033	2026-07-30 07:01:44	1	0	1	0	0	0	0	0	0
13981	2026-07-30 07:01:53	1	0	1	0	0	0	0	0	0
13990	2026-07-30 07:01:55	1	0	1	0	0	0	0	0	0
14009	2026-07-30 07:02:09	1	0	1	0	0	0	0	0	0
13967	2026-07-30 07:02:12	1	0	1	0	0	0	0	0	0
14016	2026-07-30 07:02:15	1	0	1	0	0	0	0	0	0
14025	2026-07-30 07:02:54	1	0	1	0	0	0	0	0	0
14018	2026-07-30 07:03:24	1	0	1	0	0	0	0	0	0
13965	2026-07-30 07:03:32	1	0	1	0	0	0	0	0	0
14029	2026-07-30 07:06:21	1	0	1	0	0	0	0	0	0
14015	2026-07-30 07:11:02	1	0	1	0	0	0	0	0	0
13976	2026-07-30 07:35:08	1	0	1	0	0	0	0	0	0
14024	2026-07-30 11:28:17	1	0	1	0	0	0	0	0	0
14021	2026-07-30 11:28:24	1	0	1	0	0	0	0	0	0
14031	2026-07-30 11:29:27	1	0	1	0	0	0	0	0	0
14511	2026-07-30 12:21:46	1	0	1	0	0	0	0	0	0
14585	2026-07-30 12:21:52	1	0	1	0	0	0	0	0	0
14581	2026-07-30 12:22:05	1	0	1	0	0	0	0	0	0
14466	2026-07-30 12:23:53	1	0	1	0	0	0	0	0	0
14458	2026-07-30 12:23:56	1	0	1	0	0	0	0	0	0
14454	2026-07-30 12:24:01	1	0	1	0	0	0	0	0	0
14474	2026-07-30 12:24:04	1	0	1	0	0	0	0	0	0
14465	2026-07-30 12:24:07	1	0	1	0	0	0	0	0	0
14488	2026-07-30 12:24:13	1	0	1	0	0	0	0	0	0
14596	2026-07-30 12:24:24	1	0	1	0	0	0	0	0	0
14131	2026-07-30 12:24:31	1	0	1	0	0	0	0	0	0
14580	2026-07-30 12:24:35	1	0	1	0	0	0	0	0	0
14592	2026-07-30 12:25:11	1	0	1	0	0	0	0	0	0
14604	2026-07-30 12:25:22	1	0	1	0	0	0	0	0	0
14598	2026-07-30 12:26:25	1	0	1	0	0	0	0	0	0
14579	2026-07-30 12:26:31	1	0	1	0	0	0	0	0	0
14491	2026-07-30 12:27:05	1	0	1	0	0	0	0	0	0
14452	2026-07-30 12:27:39	1	0	1	0	0	0	0	0	0
14469	2026-07-30 12:27:43	1	0	1	0	0	0	0	0	0
14448	2026-07-30 12:27:46	1	0	1	0	0	0	0	0	0
14503	2026-07-30 12:28:57	1	0	1	0	0	0	0	0	0
14484	2026-07-30 12:29:00	1	0	1	0	0	0	0	0	0
14463	2026-07-30 12:29:14	1	0	1	0	0	0	0	0	0
14456	2026-07-30 12:29:21	1	0	1	0	0	0	0	0	0
14461	2026-07-30 12:29:24	1	0	1	0	0	0	0	0	0
14512	2026-07-30 12:29:27	1	0	1	0	0	0	0	0	0
14462	2026-07-30 12:29:51	1	0	1	0	0	0	0	0	0
14470	2026-07-30 12:29:54	1	0	1	0	0	0	0	0	0
14476	2026-07-30 12:30:09	1	0	1	0	0	0	0	0	0
14509	2026-07-30 12:31:15	1	0	1	0	0	0	0	0	0
14460	2026-07-30 12:31:18	1	0	1	0	0	0	0	0	0
14450	2026-07-30 12:31:27	1	0	1	0	0	0	0	0	0
14464	2026-07-30 12:31:30	1	0	1	0	0	0	0	0	0
14473	2026-07-30 12:31:35	1	0	1	0	0	0	0	0	0
14504	2026-07-30 12:31:38	1	0	1	0	0	0	0	0	0
14494	2026-07-30 12:31:48	1	0	1	0	0	0	0	0	0
14490	2026-07-30 12:31:51	1	0	1	0	0	0	0	0	0
14498	2026-07-30 12:31:57	1	0	1	0	0	0	0	0	0
14493	2026-07-30 12:32:00	1	0	1	0	0	0	0	0	0
14578	2026-07-30 12:32:34	1	0	1	0	0	0	0	0	0
14486	2026-07-30 12:32:40	1	0	1	0	0	0	0	0	0
14605	2026-07-30 12:32:46	1	0	1	0	0	0	0	0	0
14482	2026-07-30 12:32:57	1	0	1	0	0	0	0	0	0
14595	2026-07-30 12:33:01	1	0	1	0	0	0	0	0	0
14496	2026-07-30 12:33:04	1	0	1	0	0	0	0	0	0
14472	2026-07-30 12:33:09	1	0	1	0	0	0	0	0	0
14467	2026-07-30 12:33:11	1	0	1	0	0	0	0	0	0
14471	2026-07-30 12:35:10	1	0	1	0	0	0	0	0	0
14587	2026-07-30 12:35:14	1	0	1	0	0	0	0	0	0
14599	2026-07-30 12:35:21	1	0	1	0	0	0	0	0	0
14591	2026-07-30 12:35:29	1	0	1	0	0	0	0	0	0
14593	2026-07-30 12:39:21	1	0	1	0	0	0	0	0	0
14508	2026-07-30 14:32:44	1	0	1	0	0	0	0	0	0
14606	2026-07-30 17:04:15	1	0	1	0	0	0	0	0	0
14583	2026-07-30 17:04:18	1	0	1	0	0	0	0	0	0
13971	2026-07-31 06:49:02	1	0	1	0	0	0	0	0	0
13992	2026-07-31 06:49:05	1	0	1	0	0	0	0	0	0
13993	2026-07-31 06:50:21	1	0	1	0	0	0	0	0	0
13998	2026-07-31 06:53:26	1	0	1	0	0	0	0	0	0
13968	2026-07-31 06:53:30	1	0	1	0	0	0	0	0	0
14003	2026-07-31 06:55:17	1	0	1	0	0	0	0	0	0
13980	2026-07-31 06:55:22	1	0	1	0	0	0	0	0	0
13983	2026-07-31 06:55:25	1	0	1	0	0	0	0	0	0
14006	2026-07-31 06:55:28	1	0	1	0	0	0	0	0	0
14009	2026-07-31 06:55:38	1	0	1	0	0	0	0	0	0
13970	2026-07-31 06:55:41	1	0	1	0	0	0	0	0	0
14030	2026-07-31 06:55:45	1	0	1	0	0	0	0	0	0
13977	2026-07-31 06:56:46	1	0	1	0	0	0	0	0	0
14004	2026-07-31 06:56:50	1	0	1	0	0	0	0	0	0
13984	2026-07-31 06:58:26	1	0	1	0	0	0	0	0	0
13969	2026-07-31 06:58:42	1	0	1	0	0	0	0	0	0
14011	2026-07-31 06:58:51	1	0	1	0	0	0	0	0	0
13996	2026-07-31 06:58:55	1	0	1	0	0	0	0	0	0
13991	2026-07-31 06:59:25	1	0	1	0	0	0	0	0	0
14002	2026-07-31 06:59:28	1	0	1	0	0	0	0	0	0
14007	2026-07-31 06:59:45	1	0	1	0	0	0	0	0	0
14017	2026-07-31 06:59:48	1	0	1	0	0	0	0	0	0
13989	2026-07-31 07:00:24	1	0	1	0	0	0	0	0	0
13987	2026-07-31 07:00:29	1	0	1	0	0	0	0	0	0
14025	2026-07-31 07:00:33	1	0	1	0	0	0	0	0	0
13974	2026-07-31 07:01:46	1	0	1	0	0	0	0	0	0
13997	2026-07-31 07:01:49	1	0	1	0	0	0	0	0	0
14018	2026-07-31 07:01:54	1	0	1	0	0	0	0	0	0
14032	2026-07-31 07:01:57	1	0	1	0	0	0	0	0	0
13967	2026-07-31 07:02:03	1	0	1	0	0	0	0	0	0
13981	2026-07-31 07:02:19	1	0	1	0	0	0	0	0	0
13999	2026-07-31 07:02:24	1	0	1	0	0	0	0	0	0
14005	2026-07-31 07:02:30	1	0	1	0	0	0	0	0	0
14033	2026-07-31 07:02:54	1	0	1	0	0	0	0	0	0
14014	2026-07-31 07:03:05	1	0	1	0	0	0	0	0	0
14015	2026-07-31 07:03:55	1	0	1	0	0	0	0	0	0
14029	2026-07-31 07:25:37	1	0	1	0	0	0	0	0	0
13978	2026-07-31 08:07:59	1	0	1	0	0	0	0	0	0
14509	2026-07-31 12:37:02	1	0	1	0	0	0	0	0	0
14495	2026-07-31 12:41:53	1	0	1	0	0	0	0	0	0
14594	2026-07-31 12:42:19	1	0	1	0	0	0	0	0	0
14587	2026-07-31 12:42:25	1	0	1	0	0	0	0	0	0
14604	2026-07-31 12:42:33	1	0	1	0	0	0	0	0	0
14601	2026-07-31 12:47:35	1	0	1	0	0	0	0	0	0
14466	2026-07-31 12:49:58	1	0	1	0	0	0	0	0	0
14454	2026-07-31 12:50:05	1	0	1	0	0	0	0	0	0
14579	2026-07-31 12:50:39	1	0	1	0	0	0	0	0	0
14598	2026-07-31 12:50:42	1	0	1	0	0	0	0	0	0
14602	2026-07-31 12:51:41	1	0	1	0	0	0	0	0	0
14458	2026-07-31 12:53:42	1	0	1	0	0	0	0	0	0
14491	2026-07-31 12:53:49	1	0	1	0	0	0	0	0	0
14469	2026-07-31 12:53:52	1	0	1	0	0	0	0	0	0
14595	2026-07-31 12:53:55	1	0	1	0	0	0	0	0	0
14467	2026-07-31 12:54:02	1	0	1	0	0	0	0	0	0
14487	2026-07-31 12:54:04	1	0	1	0	0	0	0	0	0
14488	2026-07-31 12:54:11	1	0	1	0	0	0	0	0	0
14464	2026-07-31 12:58:13	1	0	1	0	0	0	0	0	0
14492	2026-07-31 12:58:30	1	0	1	0	0	0	0	0	0
14478	2026-07-31 12:59:10	1	0	1	0	0	0	0	0	0
14474	2026-07-31 12:59:16	1	0	1	0	0	0	0	0	0
14470	2026-07-31 12:59:23	1	0	1	0	0	0	0	0	0
14588	2026-07-31 12:59:53	1	0	1	0	0	0	0	0	0
14489	2026-07-31 12:59:58	1	0	1	0	0	0	0	0	0
14504	2026-07-31 13:00:01	1	0	1	0	0	0	0	0	0
14578	2026-07-31 13:00:05	1	0	1	0	0	0	0	0	0
14607	2026-07-31 13:00:09	1	0	1	0	0	0	0	0	0
14606	2026-07-31 13:00:12	1	0	1	0	0	0	0	0	0
14583	2026-07-31 13:00:19	1	0	1	0	0	0	0	0	0
14490	2026-07-31 13:00:22	1	0	1	0	0	0	0	0	0
14605	2026-07-31 13:00:34	1	0	1	0	0	0	0	0	0
14581	2026-07-31 13:00:36	1	0	1	0	0	0	0	0	0
14596	2026-07-31 13:00:39	1	0	1	0	0	0	0	0	0
14599	2026-07-31 13:00:42	1	0	1	0	0	0	0	0	0
14486	2026-07-31 13:00:45	1	0	1	0	0	0	0	0	0
14496	2026-07-31 13:00:48	1	0	1	0	0	0	0	0	0
14482	2026-07-31 13:01:09	1	0	1	0	0	0	0	0	0
14584	2026-07-31 13:01:56	1	0	1	0	0	0	0	0	0
14465	2026-07-31 13:01:59	1	0	1	0	0	0	0	0	0
14511	2026-07-31 13:02:05	1	0	1	0	0	0	0	0	0
14484	2026-07-31 13:02:23	1	0	1	0	0	0	0	0	0
14476	2026-07-31 13:02:53	1	0	1	0	0	0	0	0	0
14593	2026-07-31 13:03:42	1	0	1	0	0	0	0	0	0
14503	2026-07-31 13:05:43	1	0	1	0	0	0	0	0	0
14585	2026-07-31 13:12:29	1	0	1	0	0	0	0	0	0
14473	2026-07-31 14:32:20	1	0	1	0	0	0	0	0	0
14593	2026-07-31 16:54:52	1	0	1	0	0	0	0	0	0
13977	2026-08-03 06:43:10	1	0	1	0	0	0	0	0	0
13993	2026-08-03 06:48:58	1	0	1	0	0	0	0	0	0
14030	2026-08-03 06:49:22	1	0	1	0	0	0	0	0	0
14023	2026-08-03 06:49:26	1	0	1	0	0	0	0	0	0
13992	2026-08-03 06:51:59	1	0	1	0	0	0	0	0	0
13995	2026-08-03 06:53:43	1	0	1	0	0	0	0	0	0
13984	2026-08-03 06:53:48	1	0	1	0	0	0	0	0	0
14002	2026-08-03 06:55:25	1	0	1	0	0	0	0	0	0
13980	2026-08-03 06:55:56	1	0	1	0	0	0	0	0	0
13971	2026-08-03 06:57:38	1	0	1	0	0	0	0	0	0
13983	2026-08-03 06:58:10	1	0	1	0	0	0	0	0	0
14116	2026-08-03 06:58:49	1	0	1	0	0	0	0	0	0
13996	2026-08-03 06:58:55	1	0	1	0	0	0	0	0	0
13969	2026-08-03 06:58:58	1	0	1	0	0	0	0	0	0
14016	2026-08-03 06:59:04	1	0	1	0	0	0	0	0	0
14003	2026-08-03 06:59:06	1	0	1	0	0	0	0	0	0
14004	2026-08-03 06:59:12	1	0	1	0	0	0	0	0	0
14017	2026-08-03 06:59:17	1	0	1	0	0	0	0	0	0
14011	2026-08-03 06:59:25	1	0	1	0	0	0	0	0	0
14122	2026-08-03 06:59:29	1	0	1	0	0	0	0	0	0
14118	2026-08-03 06:59:36	1	0	1	0	0	0	0	0	0
14033	2026-08-03 06:59:44	1	0	1	0	0	0	0	0	0
13967	2026-08-03 06:59:47	1	0	1	0	0	0	0	0	0
13976	2026-08-03 06:59:57	1	0	1	0	0	0	0	0	0
14111	2026-08-03 07:00:30	1	0	1	0	0	0	0	0	0
14123	2026-08-03 07:00:39	1	0	1	0	0	0	0	0	0
13966	2026-08-03 07:00:42	1	0	1	0	0	0	0	0	0
13974	2026-08-03 07:00:45	1	0	1	0	0	0	0	0	0
14108	2026-08-03 07:01:20	1	0	1	0	0	0	0	0	0
13991	2026-08-03 07:01:23	1	0	1	0	0	0	0	0	0
14015	2026-08-03 07:01:30	1	0	1	0	0	0	0	0	0
14009	2026-08-03 07:01:59	1	0	1	0	0	0	0	0	0
14006	2026-08-03 07:02:03	1	0	1	0	0	0	0	0	0
13997	2026-08-03 07:02:06	1	0	1	0	0	0	0	0	0
14005	2026-08-03 07:02:10	1	0	1	0	0	0	0	0	0
14128	2026-08-03 07:02:13	1	0	1	0	0	0	0	0	0
14125	2026-08-03 07:02:17	1	0	1	0	0	0	0	0	0
14117	2026-08-03 07:02:20	1	0	1	0	0	0	0	0	0
13981	2026-08-03 07:02:23	1	0	1	0	0	0	0	0	0
13989	2026-08-03 07:02:26	1	0	1	0	0	0	0	0	0
14132	2026-08-03 07:02:29	1	0	1	0	0	0	0	0	0
14105	2026-08-03 07:02:38	1	0	1	0	0	0	0	0	0
13998	2026-08-03 07:02:44	1	0	1	0	0	0	0	0	0
14136	2026-08-03 07:02:47	1	0	1	0	0	0	0	0	0
14119	2026-08-03 07:02:53	1	0	1	0	0	0	0	0	0
14018	2026-08-03 07:03:54	1	0	1	0	0	0	0	0	0
14127	2026-08-03 07:03:59	1	0	1	0	0	0	0	0	0
14134	2026-08-03 07:04:06	1	0	1	0	0	0	0	0	0
13990	2026-08-03 07:05:21	1	0	1	0	0	0	0	0	0
14114	2026-08-03 07:05:44	1	0	1	0	0	0	0	0	0
14120	2026-08-03 07:08:01	1	0	1	0	0	0	0	0	0
14106	2026-08-03 07:11:08	1	0	1	0	0	0	0	0	0
14133	2026-08-03 07:11:12	1	0	1	0	0	0	0	0	0
14109	2026-08-03 08:01:29	1	0	1	0	0	0	0	0	0
13971	2026-08-03 11:30:20	1	0	1	0	0	0	0	0	0
13986	2026-08-03 11:33:04	1	0	1	0	0	0	0	0	0
14567	2026-08-03 12:16:58	1	0	1	0	0	0	0	0	0
14573	2026-08-03 12:17:01	1	0	1	0	0	0	0	0	0
14574	2026-08-03 12:17:04	1	0	1	0	0	0	0	0	0
14546	2026-08-03 12:19:54	1	0	1	0	0	0	0	0	0
14552	2026-08-03 12:20:10	1	0	1	0	0	0	0	0	0
14530	2026-08-03 12:20:29	1	0	1	0	0	0	0	0	0
14531	2026-08-03 12:20:33	1	0	1	0	0	0	0	0	0
14544	2026-08-03 12:20:48	1	0	1	0	0	0	0	0	0
14575	2026-08-03 12:21:47	1	0	1	0	0	0	0	0	0
14513	2026-08-03 12:21:55	1	0	1	0	0	0	0	0	0
14543	2026-08-03 12:22:22	1	0	1	0	0	0	0	0	0
14529	2026-08-03 12:22:33	1	0	1	0	0	0	0	0	0
14540	2026-08-03 12:22:36	1	0	1	0	0	0	0	0	0
14563	2026-08-03 12:25:19	1	0	1	0	0	0	0	0	0
14562	2026-08-03 12:27:04	1	0	1	0	0	0	0	0	0
14572	2026-08-03 12:30:23	1	0	1	0	0	0	0	0	0
14561	2026-08-03 12:31:29	1	0	1	0	0	0	0	0	0
14571	2026-08-03 12:31:52	1	0	1	0	0	0	0	0	0
14557	2026-08-03 12:32:05	1	0	1	0	0	0	0	0	0
14566	2026-08-03 12:32:41	1	0	1	0	0	0	0	0	0
14518	2026-08-03 15:40:09	1	0	1	0	0	0	0	0	0
14109	2026-08-04 06:59:55	1	0	1	0	0	0	0	0	0
14108	2026-08-04 07:00:17	1	0	1	0	0	0	0	0	0
14116	2026-08-04 07:01:09	1	0	1	0	0	0	0	0	0
14123	2026-08-04 07:01:11	1	0	1	0	0	0	0	0	0
14111	2026-08-04 07:01:18	1	0	1	0	0	0	0	0	0
14107	2026-08-04 07:01:21	1	0	1	0	0	0	0	0	0
14122	2026-08-04 07:01:27	1	0	1	0	0	0	0	0	0
14125	2026-08-04 07:02:45	1	0	1	0	0	0	0	0	0
14124	2026-08-04 07:02:50	1	0	1	0	0	0	0	0	0
14120	2026-08-04 07:02:53	1	0	1	0	0	0	0	0	0
14132	2026-08-04 07:03:43	1	0	1	0	0	0	0	0	0
14115	2026-08-04 07:03:46	1	0	1	0	0	0	0	0	0
14119	2026-08-04 07:03:48	1	0	1	0	0	0	0	0	0
14117	2026-08-04 07:03:51	1	0	1	0	0	0	0	0	0
14121	2026-08-04 07:05:13	1	0	1	0	0	0	0	0	0
14118	2026-08-04 07:05:15	1	0	1	0	0	0	0	0	0
14129	2026-08-04 07:07:03	1	0	1	0	0	0	0	0	0
14127	2026-08-04 07:11:23	1	0	1	0	0	0	0	0	0
14136	2026-08-04 07:11:31	1	0	1	0	0	0	0	0	0
14561	2026-08-04 12:18:24	1	0	1	0	0	0	0	0	0
14518	2026-08-04 12:18:38	1	0	1	0	0	0	0	0	0
14544	2026-08-04 12:20:14	1	0	1	0	0	0	0	0	0
14543	2026-08-04 12:22:19	1	0	1	0	0	0	0	0	0
14574	2026-08-04 12:22:52	1	0	1	0	0	0	0	0	0
14565	2026-08-04 12:22:59	1	0	1	0	0	0	0	0	0
14575	2026-08-04 12:24:00	1	0	1	0	0	0	0	0	0
14547	2026-08-04 12:24:15	1	0	1	0	0	0	0	0	0
14569	2026-08-04 12:24:18	1	0	1	0	0	0	0	0	0
14516	2026-08-04 12:24:24	1	0	1	0	0	0	0	0	0
14555	2026-08-04 12:24:38	1	0	1	0	0	0	0	0	0
14557	2026-08-04 12:24:40	1	0	1	0	0	0	0	0	0
14545	2026-08-04 12:29:47	1	0	1	0	0	0	0	0	0
14562	2026-08-04 12:29:53	1	0	1	0	0	0	0	0	0
14546	2026-08-04 12:30:35	1	0	1	0	0	0	0	0	0
14566	2026-08-04 12:31:05	1	0	1	0	0	0	0	0	0
14571	2026-08-04 12:31:40	1	0	1	0	0	0	0	0	0
14573	2026-08-04 12:31:45	1	0	1	0	0	0	0	0	0
14567	2026-08-04 12:31:48	1	0	1	0	0	0	0	0	0
14577	2026-08-04 12:32:50	1	0	1	0	0	0	0	0	0
14548	2026-08-04 12:32:54	1	0	1	0	0	0	0	0	0
14107	2026-08-05 06:53:16	1	0	1	0	0	0	0	0	0
14124	2026-08-05 06:54:38	1	0	1	0	0	0	0	0	0
14120	2026-08-05 06:57:00	1	0	1	0	0	0	0	0	0
14111	2026-08-05 06:57:04	1	0	1	0	0	0	0	0	0
14105	2026-08-05 06:58:29	1	0	1	0	0	0	0	0	0
14108	2026-08-05 06:59:49	1	0	1	0	0	0	0	0	0
14106	2026-08-05 06:59:52	1	0	1	0	0	0	0	0	0
14123	2026-08-05 07:00:34	1	0	1	0	0	0	0	0	0
14121	2026-08-05 07:00:39	1	0	1	0	0	0	0	0	0
14116	2026-08-05 07:00:41	1	0	1	0	0	0	0	0	0
14109	2026-08-05 07:01:56	1	0	1	0	0	0	0	0	0
14118	2026-08-05 07:02:24	1	0	1	0	0	0	0	0	0
14132	2026-08-05 07:02:48	1	0	1	0	0	0	0	0	0
14130	2026-08-05 07:02:51	1	0	1	0	0	0	0	0	0
14117	2026-08-05 07:03:01	1	0	1	0	0	0	0	0	0
14128	2026-08-05 07:03:36	1	0	1	0	0	0	0	0	0
14119	2026-08-05 07:03:38	1	0	1	0	0	0	0	0	0
14115	2026-08-05 07:03:59	1	0	1	0	0	0	0	0	0
14122	2026-08-05 07:04:14	1	0	1	0	0	0	0	0	0
14136	2026-08-05 07:08:34	1	0	1	0	0	0	0	0	0
14125	2026-08-05 07:08:37	1	0	1	0	0	0	0	0	0
14127	2026-08-05 07:08:39	1	0	1	0	0	0	0	0	0
14129	2026-08-05 07:10:05	1	0	1	0	0	0	0	0	0
14555	2026-08-05 12:23:33	1	0	1	0	0	0	0	0	0
14575	2026-08-05 12:23:48	1	0	1	0	0	0	0	0	0
14547	2026-08-05 12:23:53	1	0	1	0	0	0	0	0	0
14574	2026-08-05 12:24:22	1	0	1	0	0	0	0	0	0
14561	2026-08-05 12:27:27	1	0	1	0	0	0	0	0	0
14573	2026-08-05 12:30:38	1	0	1	0	0	0	0	0	0
14574	2026-08-05 12:30:41	1	0	1	0	0	0	0	0	0
14518	2026-08-05 12:31:57	1	0	1	0	0	0	0	0	0
14557	2026-08-05 12:34:59	1	0	1	0	0	0	0	0	0
14577	2026-08-05 12:35:02	1	0	1	0	0	0	0	0	0
14547	2026-08-05 16:19:00	1	0	1	0	0	0	0	0	0
14124	2026-08-06 06:57:24	1	0	1	0	0	0	0	0	0
14109	2026-08-06 06:57:32	1	0	1	0	0	0	0	0	0
14106	2026-08-06 06:57:37	1	0	1	0	0	0	0	0	0
14125	2026-08-06 06:57:45	1	0	1	0	0	0	0	0	0
14111	2026-08-06 06:59:12	1	0	1	0	0	0	0	0	0
14121	2026-08-06 06:59:16	1	0	1	0	0	0	0	0	0
14117	2026-08-06 07:01:58	1	0	1	0	0	0	0	0	0
14123	2026-08-06 07:02:00	1	0	1	0	0	0	0	0	0
14118	2026-08-06 07:02:03	1	0	1	0	0	0	0	0	0
14116	2026-08-06 07:02:06	1	0	1	0	0	0	0	0	0
14108	2026-08-06 07:02:08	1	0	1	0	0	0	0	0	0
14122	2026-08-06 07:02:11	1	0	1	0	0	0	0	0	0
14128	2026-08-06 07:02:14	1	0	1	0	0	0	0	0	0
14132	2026-08-06 07:02:17	1	0	1	0	0	0	0	0	0
14114	2026-08-06 07:02:19	1	0	1	0	0	0	0	0	0
14119	2026-08-06 07:02:27	1	0	1	0	0	0	0	0	0
14136	2026-08-06 07:02:32	1	0	1	0	0	0	0	0	0
14110	2026-08-06 07:02:40	1	0	1	0	0	0	0	0	0
14105	2026-08-06 07:02:42	1	0	1	0	0	0	0	0	0
14112	2026-08-06 07:02:46	1	0	1	0	0	0	0	0	0
14120	2026-08-06 07:03:59	1	0	1	0	0	0	0	0	0
14115	2026-08-06 07:08:45	1	0	1	0	0	0	0	0	0
14127	2026-08-06 07:12:27	1	0	1	0	0	0	0	0	0
14575	2026-08-06 12:19:33	1	0	1	0	0	0	0	0	0
14541	2026-08-06 12:22:27	1	0	1	0	0	0	0	0	0
14545	2026-08-06 12:22:30	1	0	1	0	0	0	0	0	0
14544	2026-08-06 12:24:39	1	0	1	0	0	0	0	0	0
14569	2026-08-06 12:24:42	1	0	1	0	0	0	0	0	0
14518	2026-08-06 12:28:49	1	0	1	0	0	0	0	0	0
14557	2026-08-06 12:28:52	1	0	1	0	0	0	0	0	0
14571	2026-08-06 12:28:59	1	0	1	0	0	0	0	0	0
14567	2026-08-06 12:29:03	1	0	1	0	0	0	0	0	0
14573	2026-08-06 12:29:06	1	0	1	0	0	0	0	0	0
14566	2026-08-06 12:29:08	1	0	1	0	0	0	0	0	0
14548	2026-08-06 12:29:11	1	0	1	0	0	0	0	0	0
14577	2026-08-06 12:29:14	1	0	1	0	0	0	0	0	0
14561	2026-08-06 12:29:51	1	0	1	0	0	0	0	0	0
14543	2026-08-06 12:31:07	1	0	1	0	0	0	0	0	0
14572	2026-08-06 12:33:19	1	0	1	0	0	0	0	0	0
14576	2026-08-06 12:33:22	1	0	1	0	0	0	0	0	0
14550	2026-08-06 12:33:25	1	0	1	0	0	0	0	0	0
14552	2026-08-06 12:33:30	1	0	1	0	0	0	0	0	0
14574	2026-08-06 12:34:02	1	0	1	0	0	0	0	0	0
14539	2026-08-06 15:29:38	1	0	1	0	0	0	0	0	0
14553	2026-08-06 15:58:16	1	0	1	0	0	0	0	0	0
14121	2026-08-07 06:59:33	1	0	1	0	0	0	0	0	0
14118	2026-08-07 06:59:40	1	0	1	0	0	0	0	0	0
14109	2026-08-07 06:59:51	1	0	1	0	0	0	0	0	0
14120	2026-08-07 06:59:59	1	0	1	0	0	0	0	0	0
14124	2026-08-07 07:00:07	1	0	1	0	0	0	0	0	0
14108	2026-08-07 07:00:43	1	0	1	0	0	0	0	0	0
14117	2026-08-07 07:01:40	1	0	1	0	0	0	0	0	0
14119	2026-08-07 07:02:13	1	0	1	0	0	0	0	0	0
14116	2026-08-07 07:02:16	1	0	1	0	0	0	0	0	0
14122	2026-08-07 07:04:06	1	0	1	0	0	0	0	0	0
14114	2026-08-07 07:05:49	1	0	1	0	0	0	0	0	0
14136	2026-08-07 07:06:00	1	0	1	0	0	0	0	0	0
14127	2026-08-07 07:06:07	1	0	1	0	0	0	0	0	0
14115	2026-08-07 07:17:33	1	0	1	0	0	0	0	0	0
14130	2026-08-07 08:05:31	1	0	1	0	0	0	0	0	0
14109	2026-08-07 12:23:26	1	0	1	0	0	0	0	0	0
14119	2026-08-07 12:23:33	1	0	1	0	0	0	0	0	0
14561	2026-08-07 12:42:20	1	0	1	0	0	0	0	0	0
14566	2026-08-07 12:42:32	1	0	1	0	0	0	0	0	0
14565	2026-08-07 12:42:39	1	0	1	0	0	0	0	0	0
14555	2026-08-07 12:47:52	1	0	1	0	0	0	0	0	0
14575	2026-08-07 12:49:32	1	0	1	0	0	0	0	0	0
14563	2026-08-07 12:49:40	1	0	1	0	0	0	0	0	0
14518	2026-08-07 12:51:52	1	0	1	0	0	0	0	0	0
14516	2026-08-07 12:51:56	1	0	1	0	0	0	0	0	0
14558	2026-08-07 12:53:01	1	0	1	0	0	0	0	0	0
14567	2026-08-07 12:55:13	1	0	1	0	0	0	0	0	0
14571	2026-08-07 12:57:44	1	0	1	0	0	0	0	0	0
14573	2026-08-07 12:57:47	1	0	1	0	0	0	0	0	0
14547	2026-08-07 12:57:49	1	0	1	0	0	0	0	0	0
14562	2026-08-07 12:58:06	1	0	1	0	0	0	0	0	0
14545	2026-08-07 12:58:09	1	0	1	0	0	0	0	0	0
14574	2026-08-07 12:59:13	1	0	1	0	0	0	0	0	0
14541	2026-08-07 13:00:10	1	0	1	0	0	0	0	0	0
14552	2026-08-07 13:02:38	1	0	1	0	0	0	0	0	0
14577	2026-08-07 13:06:36	1	0	1	0	0	0	0	0	0
14569	2026-08-07 13:06:39	1	0	1	0	0	0	0	0	0
14535	2026-08-07 13:19:40	1	0	1	0	0	0	0	0	0
14542	2026-08-07 17:41:36	1	0	1	0	0	0	0	0	0
13971	2026-08-10 06:50:05	1	0	1	0	0	0	0	0	0
13992	2026-08-10 06:51:39	1	0	1	0	0	0	0	0	0
13993	2026-08-10 06:52:29	1	0	1	0	0	0	0	0	0
13977	2026-08-10 06:52:34	1	0	1	0	0	0	0	0	0
14000	2026-08-10 06:55:33	1	0	1	0	0	0	0	0	0
14030	2026-08-10 06:56:16	1	0	1	0	0	0	0	0	0
14011	2026-08-10 06:56:20	1	0	1	0	0	0	0	0	0
13984	2026-08-10 06:56:24	1	0	1	0	0	0	0	0	0
13995	2026-08-10 06:56:27	1	0	1	0	0	0	0	0	0
14007	2026-08-10 06:56:29	1	0	1	0	0	0	0	0	0
13968	2026-08-10 06:56:50	1	0	1	0	0	0	0	0	0
14026	2026-08-10 06:57:02	1	0	1	0	0	0	0	0	0
14022	2026-08-10 06:57:06	1	0	1	0	0	0	0	0	0
14017	2026-08-10 06:57:09	1	0	1	0	0	0	0	0	0
14032	2026-08-10 06:57:12	1	0	1	0	0	0	0	0	0
13997	2026-08-10 06:57:15	1	0	1	0	0	0	0	0	0
13980	2026-08-10 06:57:18	1	0	1	0	0	0	0	0	0
13969	2026-08-10 06:57:27	1	0	1	0	0	0	0	0	0
14120	2026-08-10 06:57:49	1	0	1	0	0	0	0	0	0
13996	2026-08-10 06:58:35	1	0	1	0	0	0	0	0	0
13998	2026-08-10 06:58:37	1	0	1	0	0	0	0	0	0
13987	2026-08-10 06:58:40	1	0	1	0	0	0	0	0	0
14108	2026-08-10 06:58:43	1	0	1	0	0	0	0	0	0
14111	2026-08-10 06:58:46	1	0	1	0	0	0	0	0	0
14122	2026-08-10 06:58:49	1	0	1	0	0	0	0	0	0
13973	2026-08-10 06:58:52	1	0	1	0	0	0	0	0	0
14124	2026-08-10 06:59:02	1	0	1	0	0	0	0	0	0
14004	2026-08-10 06:59:07	1	0	1	0	0	0	0	0	0
13983	2026-08-10 06:59:43	1	0	1	0	0	0	0	0	0
13976	2026-08-10 06:59:50	1	0	1	0	0	0	0	0	0
14116	2026-08-10 06:59:53	1	0	1	0	0	0	0	0	0
14114	2026-08-10 07:00:14	1	0	1	0	0	0	0	0	0
14121	2026-08-10 07:00:18	1	0	1	0	0	0	0	0	0
13991	2026-08-10 07:00:22	1	0	1	0	0	0	0	0	0
14015	2026-08-10 07:01:19	1	0	1	0	0	0	0	0	0
14006	2026-08-10 07:01:46	1	0	1	0	0	0	0	0	0
14018	2026-08-10 07:01:50	1	0	1	0	0	0	0	0	0
14117	2026-08-10 07:01:53	1	0	1	0	0	0	0	0	0
14132	2026-08-10 07:01:58	1	0	1	0	0	0	0	0	0
14128	2026-08-10 07:02:01	1	0	1	0	0	0	0	0	0
13974	2026-08-10 07:02:09	1	0	1	0	0	0	0	0	0
14109	2026-08-10 07:02:21	1	0	1	0	0	0	0	0	0
14112	2026-08-10 07:02:24	1	0	1	0	0	0	0	0	0
14123	2026-08-10 07:02:37	1	0	1	0	0	0	0	0	0
13981	2026-08-10 07:02:41	1	0	1	0	0	0	0	0	0
13965	2026-08-10 07:02:43	1	0	1	0	0	0	0	0	0
14119	2026-08-10 07:02:51	1	0	1	0	0	0	0	0	0
13967	2026-08-10 07:02:57	1	0	1	0	0	0	0	0	0
14136	2026-08-10 07:03:00	1	0	1	0	0	0	0	0	0
14009	2026-08-10 07:04:27	1	0	1	0	0	0	0	0	0
14005	2026-08-10 07:04:31	1	0	1	0	0	0	0	0	0
14031	2026-08-10 07:04:37	1	0	1	0	0	0	0	0	0
14033	2026-08-10 07:04:45	1	0	1	0	0	0	0	0	0
14118	2026-08-10 07:05:44	1	0	1	0	0	0	0	0	0
14127	2026-08-10 07:11:40	1	0	1	0	0	0	0	0	0
14133	2026-08-10 07:11:46	1	0	1	0	0	0	0	0	0
14115	2026-08-10 07:15:00	1	0	1	0	0	0	0	0	0
14106	2026-08-10 07:15:03	1	0	1	0	0	0	0	0	0
13978	2026-08-10 08:17:40	1	0	1	0	0	0	0	0	0
14503	2026-08-10 12:17:24	1	0	1	0	0	0	0	0	0
14474	2026-08-10 12:18:25	1	0	1	0	0	0	0	0	0
14454	2026-08-10 12:18:32	1	0	1	0	0	0	0	0	0
14462	2026-08-10 12:18:52	1	0	1	0	0	0	0	0	0
14458	2026-08-10 12:18:56	1	0	1	0	0	0	0	0	0
14587	2026-08-10 12:20:44	1	0	1	0	0	0	0	0	0
14585	2026-08-10 12:20:50	1	0	1	0	0	0	0	0	0
14592	2026-08-10 12:21:29	1	0	1	0	0	0	0	0	0
14598	2026-08-10 12:21:32	1	0	1	0	0	0	0	0	0
14456	2026-08-10 12:21:36	1	0	1	0	0	0	0	0	0
14466	2026-08-10 12:21:43	1	0	1	0	0	0	0	0	0
14469	2026-08-10 12:21:46	1	0	1	0	0	0	0	0	0
14507	2026-08-10 12:22:01	1	0	1	0	0	0	0	0	0
14511	2026-08-10 12:22:04	1	0	1	0	0	0	0	0	0
14495	2026-08-10 12:22:43	1	0	1	0	0	0	0	0	0
14595	2026-08-10 12:23:43	1	0	1	0	0	0	0	0	0
14509	2026-08-10 12:24:49	1	0	1	0	0	0	0	0	0
14584	2026-08-10 12:25:45	1	0	1	0	0	0	0	0	0
14491	2026-08-10 12:27:22	1	0	1	0	0	0	0	0	0
14602	2026-08-10 12:28:39	1	0	1	0	0	0	0	0	0
14601	2026-08-10 12:28:49	1	0	1	0	0	0	0	0	0
14460	2026-08-10 12:29:05	1	0	1	0	0	0	0	0	0
14471	2026-08-10 12:29:08	1	0	1	0	0	0	0	0	0
14490	2026-08-10 12:29:22	1	0	1	0	0	0	0	0	0
14496	2026-08-10 12:29:25	1	0	1	0	0	0	0	0	0
14485	2026-08-10 12:29:28	1	0	1	0	0	0	0	0	0
14463	2026-08-10 12:29:38	1	0	1	0	0	0	0	0	0
14578	2026-08-10 12:29:57	1	0	1	0	0	0	0	0	0
14448	2026-08-10 12:30:01	1	0	1	0	0	0	0	0	0
14131	2026-08-10 12:30:06	1	0	1	0	0	0	0	0	0
14604	2026-08-10 12:30:09	1	0	1	0	0	0	0	0	0
14606	2026-08-10 12:30:21	1	0	1	0	0	0	0	0	0
14588	2026-08-10 12:30:24	1	0	1	0	0	0	0	0	0
14583	2026-08-10 12:30:38	1	0	1	0	0	0	0	0	0
14580	2026-08-10 12:30:41	1	0	1	0	0	0	0	0	0
14607	2026-08-10 12:30:49	1	0	1	0	0	0	0	0	0
14605	2026-08-10 12:31:00	1	0	1	0	0	0	0	0	0
14484	2026-08-10 12:31:18	1	0	1	0	0	0	0	0	0
14581	2026-08-10 12:31:30	1	0	1	0	0	0	0	0	0
14478	2026-08-10 12:31:59	1	0	1	0	0	0	0	0	0
14486	2026-08-10 12:32:58	1	0	1	0	0	0	0	0	0
14599	2026-08-10 12:35:25	1	0	1	0	0	0	0	0	0
14023	2026-08-11 06:48:57	1	0	1	0	0	0	0	0	0
14002	2026-08-11 06:49:14	1	0	1	0	0	0	0	0	0
13995	2026-08-11 06:50:16	1	0	1	0	0	0	0	0	0
13997	2026-08-11 06:50:19	1	0	1	0	0	0	0	0	0
13978	2026-08-11 06:50:36	1	0	1	0	0	0	0	0	0
13971	2026-08-11 06:51:00	1	0	1	0	0	0	0	0	0
13991	2026-08-11 06:54:10	1	0	1	0	0	0	0	0	0
13970	2026-08-11 06:54:14	1	0	1	0	0	0	0	0	0
14003	2026-08-11 06:54:40	1	0	1	0	0	0	0	0	0
13989	2026-08-11 06:54:43	1	0	1	0	0	0	0	0	0
14006	2026-08-11 06:54:53	1	0	1	0	0	0	0	0	0
14025	2026-08-11 06:56:11	1	0	1	0	0	0	0	0	0
13992	2026-08-11 06:56:30	1	0	1	0	0	0	0	0	0
13993	2026-08-11 06:56:34	1	0	1	0	0	0	0	0	0
13969	2026-08-11 06:56:37	1	0	1	0	0	0	0	0	0
13980	2026-08-11 06:56:41	1	0	1	0	0	0	0	0	0
13968	2026-08-11 06:56:44	1	0	1	0	0	0	0	0	0
13998	2026-08-11 06:56:55	1	0	1	0	0	0	0	0	0
13996	2026-08-11 06:56:59	1	0	1	0	0	0	0	0	0
13987	2026-08-11 06:57:09	1	0	1	0	0	0	0	0	0
13965	2026-08-11 06:57:20	1	0	1	0	0	0	0	0	0
13966	2026-08-11 06:57:24	1	0	1	0	0	0	0	0	0
13976	2026-08-11 06:58:15	1	0	1	0	0	0	0	0	0
13983	2026-08-11 06:58:22	1	0	1	0	0	0	0	0	0
13977	2026-08-11 06:58:25	1	0	1	0	0	0	0	0	0
14011	2026-08-11 06:58:50	1	0	1	0	0	0	0	0	0
14030	2026-08-11 06:58:53	1	0	1	0	0	0	0	0	0
14007	2026-08-11 06:59:29	1	0	1	0	0	0	0	0	0
14004	2026-08-11 06:59:32	1	0	1	0	0	0	0	0	0
14032	2026-08-11 06:59:35	1	0	1	0	0	0	0	0	0
14017	2026-08-11 06:59:38	1	0	1	0	0	0	0	0	0
13999	2026-08-11 06:59:45	1	0	1	0	0	0	0	0	0
13984	2026-08-11 07:01:27	1	0	1	0	0	0	0	0	0
13974	2026-08-11 07:01:30	1	0	1	0	0	0	0	0	0
14018	2026-08-11 07:01:34	1	0	1	0	0	0	0	0	0
13986	2026-08-11 07:04:55	1	0	1	0	0	0	0	0	0
14015	2026-08-11 07:05:14	1	0	1	0	0	0	0	0	0
14029	2026-08-11 07:17:45	1	0	1	0	0	0	0	0	0
14000	2026-08-11 08:29:58	1	0	1	0	0	0	0	0	0
14593	2026-08-11 12:12:24	1	0	1	0	0	0	0	0	0
14503	2026-08-11 12:17:26	1	0	1	0	0	0	0	0	0
14465	2026-08-11 12:19:26	1	0	1	0	0	0	0	0	0
14458	2026-08-11 12:19:52	1	0	1	0	0	0	0	0	0
14595	2026-08-11 12:19:56	1	0	1	0	0	0	0	0	0
14452	2026-08-11 12:20:16	1	0	1	0	0	0	0	0	0
14466	2026-08-11 12:20:25	1	0	1	0	0	0	0	0	0
14474	2026-08-11 12:20:31	1	0	1	0	0	0	0	0	0
14462	2026-08-11 12:20:35	1	0	1	0	0	0	0	0	0
14582	2026-08-11 12:20:37	1	0	1	0	0	0	0	0	0
14598	2026-08-11 12:20:46	1	0	1	0	0	0	0	0	0
14487	2026-08-11 12:20:51	1	0	1	0	0	0	0	0	0
14495	2026-08-11 12:21:01	1	0	1	0	0	0	0	0	0
14448	2026-08-11 12:21:21	1	0	1	0	0	0	0	0	0
14131	2026-08-11 12:21:30	1	0	1	0	0	0	0	0	0
14581	2026-08-11 12:21:34	1	0	1	0	0	0	0	0	0
14502	2026-08-11 12:21:38	1	0	1	0	0	0	0	0	0
14469	2026-08-11 12:22:38	1	0	1	0	0	0	0	0	0
14511	2026-08-11 12:23:23	1	0	1	0	0	0	0	0	0
14594	2026-08-11 12:23:34	1	0	1	0	0	0	0	0	0
14493	2026-08-11 12:23:42	1	0	1	0	0	0	0	0	0
14463	2026-08-11 12:23:53	1	0	1	0	0	0	0	0	0
14601	2026-08-11 12:24:32	1	0	1	0	0	0	0	0	0
14584	2026-08-11 12:25:43	1	0	1	0	0	0	0	0	0
14467	2026-08-11 12:26:00	1	0	1	0	0	0	0	0	0
14585	2026-08-11 12:27:52	1	0	1	0	0	0	0	0	0
14587	2026-08-11 12:28:07	1	0	1	0	0	0	0	0	0
14578	2026-08-11 12:28:10	1	0	1	0	0	0	0	0	0
14599	2026-08-11 12:28:14	1	0	1	0	0	0	0	0	0
14607	2026-08-11 12:28:20	1	0	1	0	0	0	0	0	0
14588	2026-08-11 12:28:23	1	0	1	0	0	0	0	0	0
14604	2026-08-11 12:28:27	1	0	1	0	0	0	0	0	0
14459	2026-08-11 12:30:21	1	0	1	0	0	0	0	0	0
14461	2026-08-11 12:30:24	1	0	1	0	0	0	0	0	0
14456	2026-08-11 12:30:37	1	0	1	0	0	0	0	0	0
14470	2026-08-11 12:30:39	1	0	1	0	0	0	0	0	0
14490	2026-08-11 12:30:42	1	0	1	0	0	0	0	0	0
14485	2026-08-11 12:30:51	1	0	1	0	0	0	0	0	0
14492	2026-08-11 12:30:53	1	0	1	0	0	0	0	0	0
14488	2026-08-11 12:30:56	1	0	1	0	0	0	0	0	0
14583	2026-08-11 12:31:01	1	0	1	0	0	0	0	0	0
14606	2026-08-11 12:31:07	1	0	1	0	0	0	0	0	0
14486	2026-08-11 12:31:20	1	0	1	0	0	0	0	0	0
14602	2026-08-11 12:32:34	1	0	1	0	0	0	0	0	0
14592	2026-08-11 12:32:36	1	0	1	0	0	0	0	0	0
14496	2026-08-11 12:33:11	1	0	1	0	0	0	0	0	0
14479	2026-08-11 12:54:59	1	0	1	0	0	0	0	0	0
14491	2026-08-11 12:55:05	1	0	1	0	0	0	0	0	0
14482	2026-08-11 14:33:57	1	0	1	0	0	0	0	0	0
14601	2026-08-11 15:35:55	1	0	1	0	0	0	0	0	0
14598	2026-08-11 15:37:59	1	0	1	0	0	0	0	0	0
14467	2026-08-11 15:41:23	1	0	1	0	0	0	0	0	0
14546	2026-08-11 15:41:34	1	0	1	0	0	0	0	0	0
14603	2026-08-11 15:54:52	1	0	1	0	0	0	0	0	0
14455	2026-08-11 16:22:01	1	0	1	0	0	0	0	0	0
13993	2026-08-12 06:51:06	1	0	1	0	0	0	0	0	0
13977	2026-08-12 06:51:14	1	0	1	0	0	0	0	0	0
13970	2026-08-12 06:51:17	1	0	1	0	0	0	0	0	0
13973	2026-08-12 06:52:52	1	0	1	0	0	0	0	0	0
13978	2026-08-12 06:54:07	1	0	1	0	0	0	0	0	0
13968	2026-08-12 06:54:15	1	0	1	0	0	0	0	0	0
13966	2026-08-12 06:54:30	1	0	1	0	0	0	0	0	0
13971	2026-08-12 06:54:34	1	0	1	0	0	0	0	0	0
13980	2026-08-12 06:54:44	1	0	1	0	0	0	0	0	0
14011	2026-08-12 06:55:47	1	0	1	0	0	0	0	0	0
14021	2026-08-12 06:56:41	1	0	1	0	0	0	0	0	0
13983	2026-08-12 06:57:20	1	0	1	0	0	0	0	0	0
13976	2026-08-12 06:57:23	1	0	1	0	0	0	0	0	0
13987	2026-08-12 06:57:26	1	0	1	0	0	0	0	0	0
13967	2026-08-12 06:57:32	1	0	1	0	0	0	0	0	0
13992	2026-08-12 06:57:40	1	0	1	0	0	0	0	0	0
14025	2026-08-12 06:57:56	1	0	1	0	0	0	0	0	0
13998	2026-08-12 06:58:00	1	0	1	0	0	0	0	0	0
13991	2026-08-12 06:58:07	1	0	1	0	0	0	0	0	0
14030	2026-08-12 06:58:26	1	0	1	0	0	0	0	0	0
13989	2026-08-12 06:58:34	1	0	1	0	0	0	0	0	0
14032	2026-08-12 06:58:39	1	0	1	0	0	0	0	0	0
13996	2026-08-12 06:59:33	1	0	1	0	0	0	0	0	0
13969	2026-08-12 06:59:37	1	0	1	0	0	0	0	0	0
14017	2026-08-12 06:59:58	1	0	1	0	0	0	0	0	0
14007	2026-08-12 07:00:06	1	0	1	0	0	0	0	0	0
14006	2026-08-12 07:00:09	1	0	1	0	0	0	0	0	0
13999	2026-08-12 07:00:16	1	0	1	0	0	0	0	0	0
14004	2026-08-12 07:01:08	1	0	1	0	0	0	0	0	0
14018	2026-08-12 07:01:58	1	0	1	0	0	0	0	0	0
13981	2026-08-12 07:02:21	1	0	1	0	0	0	0	0	0
14015	2026-08-12 07:03:36	1	0	1	0	0	0	0	0	0
14005	2026-08-12 07:03:40	1	0	1	0	0	0	0	0	0
13984	2026-08-12 07:04:16	1	0	1	0	0	0	0	0	0
14033	2026-08-12 07:04:49	1	0	1	0	0	0	0	0	0
14031	2026-08-12 07:04:54	1	0	1	0	0	0	0	0	0
14012	2026-08-12 07:05:03	1	0	1	0	0	0	0	0	0
13990	2026-08-12 07:05:11	1	0	1	0	0	0	0	0	0
14016	2026-08-12 07:05:39	1	0	1	0	0	0	0	0	0
13972	2026-08-12 07:10:26	1	0	1	0	0	0	0	0	0
14029	2026-08-12 07:13:04	1	0	1	0	0	0	0	0	0
13996	2026-08-12 12:13:14	1	0	1	0	0	0	0	0	0
14585	2026-08-12 12:15:34	1	0	1	0	0	0	0	0	0
14603	2026-08-12 12:15:41	1	0	1	0	0	0	0	0	0
14468	2026-08-12 12:15:45	1	0	1	0	0	0	0	0	0
14465	2026-08-12 12:15:55	1	0	1	0	0	0	0	0	0
14476	2026-08-12 12:17:07	1	0	1	0	0	0	0	0	0
14458	2026-08-12 12:19:34	1	0	1	0	0	0	0	0	0
14469	2026-08-12 12:20:29	1	0	1	0	0	0	0	0	0
14466	2026-08-12 12:20:32	1	0	1	0	0	0	0	0	0
14474	2026-08-12 12:20:42	1	0	1	0	0	0	0	0	0
14454	2026-08-12 12:20:51	1	0	1	0	0	0	0	0	0
14462	2026-08-12 12:21:17	1	0	1	0	0	0	0	0	0
14601	2026-08-12 12:21:29	1	0	1	0	0	0	0	0	0
14589	2026-08-12 12:21:38	1	0	1	0	0	0	0	0	0
14495	2026-08-12 12:22:05	1	0	1	0	0	0	0	0	0
14456	2026-08-12 12:22:14	1	0	1	0	0	0	0	0	0
14584	2026-08-12 12:24:15	1	0	1	0	0	0	0	0	0
14598	2026-08-12 12:24:18	1	0	1	0	0	0	0	0	0
14594	2026-08-12 12:24:47	1	0	1	0	0	0	0	0	0
14588	2026-08-12 12:24:50	1	0	1	0	0	0	0	0	0
14460	2026-08-12 12:25:22	1	0	1	0	0	0	0	0	0
14477	2026-08-12 12:26:01	1	0	1	0	0	0	0	0	0
14461	2026-08-12 12:26:06	1	0	1	0	0	0	0	0	0
14503	2026-08-12 12:26:17	1	0	1	0	0	0	0	0	0
14478	2026-08-12 12:26:23	1	0	1	0	0	0	0	0	0
14463	2026-08-12 12:26:26	1	0	1	0	0	0	0	0	0
14511	2026-08-12 12:26:29	1	0	1	0	0	0	0	0	0
14587	2026-08-12 12:26:37	1	0	1	0	0	0	0	0	0
14595	2026-08-12 12:26:50	1	0	1	0	0	0	0	0	0
14452	2026-08-12 12:26:56	1	0	1	0	0	0	0	0	0
14448	2026-08-12 12:26:59	1	0	1	0	0	0	0	0	0
14602	2026-08-12 12:27:07	1	0	1	0	0	0	0	0	0
14578	2026-08-12 12:27:39	1	0	1	0	0	0	0	0	0
14582	2026-08-12 12:27:42	1	0	1	0	0	0	0	0	0
14592	2026-08-12 12:27:45	1	0	1	0	0	0	0	0	0
14487	2026-08-12 12:27:48	1	0	1	0	0	0	0	0	0
14606	2026-08-12 12:28:04	1	0	1	0	0	0	0	0	0
14607	2026-08-12 12:28:06	1	0	1	0	0	0	0	0	0
14583	2026-08-12 12:28:16	1	0	1	0	0	0	0	0	0
14131	2026-08-12 12:28:19	1	0	1	0	0	0	0	0	0
14604	2026-08-12 12:28:26	1	0	1	0	0	0	0	0	0
14509	2026-08-12 12:28:30	1	0	1	0	0	0	0	0	0
14581	2026-08-12 12:28:41	1	0	1	0	0	0	0	0	0
14580	2026-08-12 12:28:48	1	0	1	0	0	0	0	0	0
14579	2026-08-12 12:28:56	1	0	1	0	0	0	0	0	0
14485	2026-08-12 12:29:16	1	0	1	0	0	0	0	0	0
14490	2026-08-12 12:29:18	1	0	1	0	0	0	0	0	0
14492	2026-08-12 12:29:23	1	0	1	0	0	0	0	0	0
14470	2026-08-12 12:29:26	1	0	1	0	0	0	0	0	0
14599	2026-08-12 12:29:29	1	0	1	0	0	0	0	0	0
14504	2026-08-12 12:31:27	1	0	1	0	0	0	0	0	0
14496	2026-08-12 12:31:30	1	0	1	0	0	0	0	0	0
14486	2026-08-12 12:32:57	1	0	1	0	0	0	0	0	0
14482	2026-08-12 12:46:00	1	0	1	0	0	0	0	0	0
14508	2026-08-12 13:00:18	1	0	1	0	0	0	0	0	0
14491	2026-08-12 13:09:11	1	0	1	0	0	0	0	0	0
14523	2026-08-12 14:36:52	1	0	1	0	0	0	0	0	0
14482	2026-08-12 16:39:46	1	0	1	0	0	0	0	0	0
14464	2026-08-12 16:48:23	1	0	1	0	0	0	0	0	0
13971	2026-08-13 06:47:45	1	0	1	0	0	0	0	0	0
13973	2026-08-13 06:48:55	1	0	1	0	0	0	0	0	0
13978	2026-08-13 06:49:30	1	0	1	0	0	0	0	0	0
13997	2026-08-13 06:50:45	1	0	1	0	0	0	0	0	0
13995	2026-08-13 06:50:51	1	0	1	0	0	0	0	0	0
13992	2026-08-13 06:55:27	1	0	1	0	0	0	0	0	0
13993	2026-08-13 06:55:34	1	0	1	0	0	0	0	0	0
13990	2026-08-13 06:55:37	1	0	1	0	0	0	0	0	0
13968	2026-08-13 06:55:40	1	0	1	0	0	0	0	0	0
13977	2026-08-13 06:55:43	1	0	1	0	0	0	0	0	0
13976	2026-08-13 06:55:45	1	0	1	0	0	0	0	0	0
14025	2026-08-13 06:59:15	1	0	1	0	0	0	0	0	0
13987	2026-08-13 06:59:41	1	0	1	0	0	0	0	0	0
13998	2026-08-13 06:59:43	1	0	1	0	0	0	0	0	0
14018	2026-08-13 06:59:49	1	0	1	0	0	0	0	0	0
14007	2026-08-13 06:59:52	1	0	1	0	0	0	0	0	0
14017	2026-08-13 06:59:55	1	0	1	0	0	0	0	0	0
13980	2026-08-13 07:00:03	1	0	1	0	0	0	0	0	0
13984	2026-08-13 07:00:33	1	0	1	0	0	0	0	0	0
13967	2026-08-13 07:00:38	1	0	1	0	0	0	0	0	0
14009	2026-08-13 07:00:43	1	0	1	0	0	0	0	0	0
14030	2026-08-13 07:00:46	1	0	1	0	0	0	0	0	0
14032	2026-08-13 07:00:48	1	0	1	0	0	0	0	0	0
13969	2026-08-13 07:00:57	1	0	1	0	0	0	0	0	0
13996	2026-08-13 07:01:10	1	0	1	0	0	0	0	0	0
13983	2026-08-13 07:01:37	1	0	1	0	0	0	0	0	0
13991	2026-08-13 07:02:11	1	0	1	0	0	0	0	0	0
13981	2026-08-13 07:02:43	1	0	1	0	0	0	0	0	0
13989	2026-08-13 07:02:45	1	0	1	0	0	0	0	0	0
13999	2026-08-13 07:03:55	1	0	1	0	0	0	0	0	0
14033	2026-08-13 07:05:19	1	0	1	0	0	0	0	0	0
13986	2026-08-13 07:05:23	1	0	1	0	0	0	0	0	0
14020	2026-08-13 09:29:26	1	0	1	0	0	0	0	0	0
14024	2026-08-13 09:29:30	1	0	1	0	0	0	0	0	0
14452	2026-08-13 12:16:19	1	0	1	0	0	0	0	0	0
14468	2026-08-13 12:16:22	1	0	1	0	0	0	0	0	0
14508	2026-08-13 12:16:39	1	0	1	0	0	0	0	0	0
14504	2026-08-13 12:18:25	1	0	1	0	0	0	0	0	0
14482	2026-08-13 12:18:29	1	0	1	0	0	0	0	0	0
14502	2026-08-13 12:18:32	1	0	1	0	0	0	0	0	0
14587	2026-08-13 12:18:59	1	0	1	0	0	0	0	0	0
14585	2026-08-13 12:19:07	1	0	1	0	0	0	0	0	0
14582	2026-08-13 12:19:11	1	0	1	0	0	0	0	0	0
14588	2026-08-13 12:19:17	1	0	1	0	0	0	0	0	0
14595	2026-08-13 12:19:21	1	0	1	0	0	0	0	0	0
14458	2026-08-13 12:20:02	1	0	1	0	0	0	0	0	0
14463	2026-08-13 12:20:14	1	0	1	0	0	0	0	0	0
14477	2026-08-13 12:20:38	1	0	1	0	0	0	0	0	0
14454	2026-08-13 12:20:49	1	0	1	0	0	0	0	0	0
14466	2026-08-13 12:20:54	1	0	1	0	0	0	0	0	0
14474	2026-08-13 12:20:57	1	0	1	0	0	0	0	0	0
14584	2026-08-13 12:21:01	1	0	1	0	0	0	0	0	0
14495	2026-08-13 12:21:10	1	0	1	0	0	0	0	0	0
14580	2026-08-13 12:21:15	1	0	1	0	0	0	0	0	0
14511	2026-08-13 12:21:57	1	0	1	0	0	0	0	0	0
14503	2026-08-13 12:22:32	1	0	1	0	0	0	0	0	0
14448	2026-08-13 12:23:06	1	0	1	0	0	0	0	0	0
14456	2026-08-13 12:24:17	1	0	1	0	0	0	0	0	0
14469	2026-08-13 12:25:09	1	0	1	0	0	0	0	0	0
14594	2026-08-13 12:25:15	1	0	1	0	0	0	0	0	0
14490	2026-08-13 12:25:58	1	0	1	0	0	0	0	0	0
14485	2026-08-13 12:26:05	1	0	1	0	0	0	0	0	0
14492	2026-08-13 12:26:09	1	0	1	0	0	0	0	0	0
14482	2026-08-13 12:26:16	1	0	1	0	0	0	0	0	0
14581	2026-08-13 12:26:36	1	0	1	0	0	0	0	0	0
14578	2026-08-13 12:26:56	1	0	1	0	0	0	0	0	0
14131	2026-08-13 12:27:05	1	0	1	0	0	0	0	0	0
14601	2026-08-13 12:27:22	1	0	1	0	0	0	0	0	0
14470	2026-08-13 12:28:31	1	0	1	0	0	0	0	0	0
14589	2026-08-13 12:28:38	1	0	1	0	0	0	0	0	0
14593	2026-08-13 12:28:52	1	0	1	0	0	0	0	0	0
14604	2026-08-13 12:29:26	1	0	1	0	0	0	0	0	0
14607	2026-08-13 12:29:30	1	0	1	0	0	0	0	0	0
14460	2026-08-13 12:29:42	1	0	1	0	0	0	0	0	0
14464	2026-08-13 12:29:55	1	0	1	0	0	0	0	0	0
14457	2026-08-13 12:30:01	1	0	1	0	0	0	0	0	0
14509	2026-08-13 12:30:04	1	0	1	0	0	0	0	0	0
14498	2026-08-13 12:30:07	1	0	1	0	0	0	0	0	0
14497	2026-08-13 12:30:25	1	0	1	0	0	0	0	0	0
14606	2026-08-13 12:30:29	1	0	1	0	0	0	0	0	0
14598	2026-08-13 12:30:35	1	0	1	0	0	0	0	0	0
14599	2026-08-13 12:30:40	1	0	1	0	0	0	0	0	0
14583	2026-08-13 12:30:46	1	0	1	0	0	0	0	0	0
14476	2026-08-13 12:30:52	1	0	1	0	0	0	0	0	0
14465	2026-08-13 12:30:54	1	0	1	0	0	0	0	0	0
14464	2026-08-13 12:59:50	1	0	1	0	0	0	0	0	0
14473	2026-08-13 13:13:26	1	0	1	0	0	0	0	0	0
14585	2026-08-13 13:26:41	1	0	1	0	0	0	0	0	0
14497	2026-08-13 15:02:04	1	0	1	0	0	0	0	0	0
14588	2026-08-13 16:22:51	1	0	1	0	0	0	0	0	0
13971	2026-08-14 06:46:22	1	0	1	0	0	0	0	0	0
13992	2026-08-14 06:48:57	1	0	1	0	0	0	0	0	0
13983	2026-08-14 06:57:05	1	0	1	0	0	0	0	0	0
13976	2026-08-14 06:57:08	1	0	1	0	0	0	0	0	0
13980	2026-08-14 06:57:15	1	0	1	0	0	0	0	0	0
14002	2026-08-14 06:57:19	1	0	1	0	0	0	0	0	0
13978	2026-08-14 06:57:22	1	0	1	0	0	0	0	0	0
13998	2026-08-14 06:57:31	1	0	1	0	0	0	0	0	0
13987	2026-08-14 06:58:28	1	0	1	0	0	0	0	0	0
14006	2026-08-14 06:59:07	1	0	1	0	0	0	0	0	0
14007	2026-08-14 06:59:10	1	0	1	0	0	0	0	0	0
14011	2026-08-14 06:59:13	1	0	1	0	0	0	0	0	0
14017	2026-08-14 06:59:18	1	0	1	0	0	0	0	0	0
14018	2026-08-14 06:59:24	1	0	1	0	0	0	0	0	0
14030	2026-08-14 07:00:39	1	0	1	0	0	0	0	0	0
13969	2026-08-14 07:00:42	1	0	1	0	0	0	0	0	0
13996	2026-08-14 07:00:45	1	0	1	0	0	0	0	0	0
13991	2026-08-14 07:00:48	1	0	1	0	0	0	0	0	0
13989	2026-08-14 07:01:12	1	0	1	0	0	0	0	0	0
14004	2026-08-14 07:03:44	1	0	1	0	0	0	0	0	0
13981	2026-08-14 07:04:22	1	0	1	0	0	0	0	0	0
14005	2026-08-14 07:05:44	1	0	1	0	0	0	0	0	0
13999	2026-08-14 07:08:20	1	0	1	0	0	0	0	0	0
13987	2026-08-14 10:54:14	1	0	1	0	0	0	0	0	0
14584	2026-08-14 12:44:08	1	0	1	0	0	0	0	0	0
14458	2026-08-14 12:44:22	1	0	1	0	0	0	0	0	0
14587	2026-08-14 12:50:33	1	0	1	0	0	0	0	0	0
14595	2026-08-14 12:50:36	1	0	1	0	0	0	0	0	0
14585	2026-08-14 12:50:47	1	0	1	0	0	0	0	0	0
14594	2026-08-14 12:50:57	1	0	1	0	0	0	0	0	0
14495	2026-08-14 12:51:11	1	0	1	0	0	0	0	0	0
14452	2026-08-14 12:51:25	1	0	1	0	0	0	0	0	0
14454	2026-08-14 12:51:28	1	0	1	0	0	0	0	0	0
14581	2026-08-14 12:51:41	1	0	1	0	0	0	0	0	0
14601	2026-08-14 12:53:22	1	0	1	0	0	0	0	0	0
14604	2026-08-14 12:53:47	1	0	1	0	0	0	0	0	0
14607	2026-08-14 12:54:05	1	0	1	0	0	0	0	0	0
14131	2026-08-14 12:54:21	1	0	1	0	0	0	0	0	0
14588	2026-08-14 12:54:32	1	0	1	0	0	0	0	0	0
14468	2026-08-14 12:55:12	1	0	1	0	0	0	0	0	0
14592	2026-08-14 12:56:57	1	0	1	0	0	0	0	0	0
14463	2026-08-14 12:57:13	1	0	1	0	0	0	0	0	0
14492	2026-08-14 12:58:36	1	0	1	0	0	0	0	0	0
14498	2026-08-14 12:58:41	1	0	1	0	0	0	0	0	0
14580	2026-08-14 12:59:29	1	0	1	0	0	0	0	0	0
14511	2026-08-14 13:00:58	1	0	1	0	0	0	0	0	0
14496	2026-08-14 13:01:54	1	0	1	0	0	0	0	0	0
14605	2026-08-14 13:02:11	1	0	1	0	0	0	0	0	0
14490	2026-08-14 13:02:25	1	0	1	0	0	0	0	0	0
14464	2026-08-14 13:02:28	1	0	1	0	0	0	0	0	0
14461	2026-08-14 13:02:31	1	0	1	0	0	0	0	0	0
14485	2026-08-14 13:02:34	1	0	1	0	0	0	0	0	0
14466	2026-08-14 13:03:08	1	0	1	0	0	0	0	0	0
14474	2026-08-14 13:03:12	1	0	1	0	0	0	0	0	0
14469	2026-08-14 13:03:15	1	0	1	0	0	0	0	0	0
14462	2026-08-14 13:03:33	1	0	1	0	0	0	0	0	0
14598	2026-08-14 13:03:39	1	0	1	0	0	0	0	0	0
14579	2026-08-14 13:03:45	1	0	1	0	0	0	0	0	0
14599	2026-08-14 13:03:48	1	0	1	0	0	0	0	0	0
14449	2026-08-14 13:04:47	1	0	1	0	0	0	0	0	0
14593	2026-08-14 13:07:48	1	0	1	0	0	0	0	0	0
14459	2026-08-14 15:28:17	1	0	1	0	0	0	0	0	0
14483	2026-08-14 16:07:25	1	0	1	0	0	0	0	0	0
14452	2026-08-14 16:08:50	1	0	1	0	0	0	0	0	0
14494	2026-08-14 16:20:25	1	0	1	0	0	0	0	0	0
14120	2026-08-18 06:55:55	1	0	1	0	0	0	0	0	0
14124	2026-08-18 06:59:41	1	0	1	0	0	0	0	0	0
14123	2026-08-18 06:59:45	1	0	1	0	0	0	0	0	0
14108	2026-08-18 07:00:28	1	0	1	0	0	0	0	0	0
14111	2026-08-18 07:01:14	1	0	1	0	0	0	0	0	0
14117	2026-08-18 07:01:47	1	0	1	0	0	0	0	0	0
14133	2026-08-18 07:01:50	1	0	1	0	0	0	0	0	0
14105	2026-08-18 07:01:53	1	0	1	0	0	0	0	0	0
14110	2026-08-18 07:01:56	1	0	1	0	0	0	0	0	0
14132	2026-08-18 07:01:59	1	0	1	0	0	0	0	0	0
14116	2026-08-18 07:04:37	1	0	1	0	0	0	0	0	0
14134	2026-08-18 07:05:17	1	0	1	0	0	0	0	0	0
14128	2026-08-18 07:05:26	1	0	1	0	0	0	0	0	0
14119	2026-08-18 07:05:35	1	0	1	0	0	0	0	0	0
14129	2026-08-18 07:05:38	1	0	1	0	0	0	0	0	0
14122	2026-08-18 07:05:55	1	0	1	0	0	0	0	0	0
14121	2026-08-18 07:06:05	1	0	1	0	0	0	0	0	0
14118	2026-08-18 07:06:08	1	0	1	0	0	0	0	0	0
14106	2026-08-18 07:11:09	1	0	1	0	0	0	0	0	0
14127	2026-08-18 07:11:12	1	0	1	0	0	0	0	0	0
14136	2026-08-18 07:11:36	1	0	1	0	0	0	0	0	0
14575	2026-08-18 12:20:22	1	0	1	0	0	0	0	0	0
14518	2026-08-18 12:20:36	1	0	1	0	0	0	0	0	0
14530	2026-08-18 12:20:44	1	0	1	0	0	0	0	0	0
14543	2026-08-18 12:23:01	1	0	1	0	0	0	0	0	0
14563	2026-08-18 12:23:31	1	0	1	0	0	0	0	0	0
14577	2026-08-18 12:24:42	1	0	1	0	0	0	0	0	0
14553	2026-08-18 12:24:45	1	0	1	0	0	0	0	0	0
14557	2026-08-18 12:24:48	1	0	1	0	0	0	0	0	0
14561	2026-08-18 12:25:48	1	0	1	0	0	0	0	0	0
14567	2026-08-18 12:26:49	1	0	1	0	0	0	0	0	0
14566	2026-08-18 12:32:49	1	0	1	0	0	0	0	0	0
14572	2026-08-18 12:35:03	1	0	1	0	0	0	0	0	0
14525	2026-08-18 16:27:51	1	0	1	0	0	0	0	0	0
14517	2026-08-18 16:51:13	1	0	1	0	0	0	0	0	0
14535	2026-08-18 16:51:21	1	0	1	0	0	0	0	0	0
14111	2026-08-19 06:57:18	1	0	1	0	0	0	0	0	0
14123	2026-08-19 06:57:20	1	0	1	0	0	0	0	0	0
14124	2026-08-19 06:57:32	1	0	1	0	0	0	0	0	0
14132	2026-08-19 07:01:25	1	0	1	0	0	0	0	0	0
14120	2026-08-19 07:01:52	1	0	1	0	0	0	0	0	0
14122	2026-08-19 07:02:05	1	0	1	0	0	0	0	0	0
14134	2026-08-19 07:03:56	1	0	1	0	0	0	0	0	0
14130	2026-08-19 07:04:15	1	0	1	0	0	0	0	0	0
14105	2026-08-19 07:04:38	1	0	1	0	0	0	0	0	0
14106	2026-08-19 07:04:53	1	0	1	0	0	0	0	0	0
14133	2026-08-19 07:05:55	1	0	1	0	0	0	0	0	0
14121	2026-08-19 07:09:49	1	0	1	0	0	0	0	0	0
14127	2026-08-19 07:09:57	1	0	1	0	0	0	0	0	0
14115	2026-08-19 07:18:00	1	0	1	0	0	0	0	0	0
14136	2026-08-19 07:18:04	1	0	1	0	0	0	0	0	0
14482	2026-08-19 08:30:24	1	0	1	0	0	0	0	0	0
14486	2026-08-19 08:30:38	1	0	1	0	0	0	0	0	0
14557	2026-08-19 12:18:33	1	0	1	0	0	0	0	0	0
14575	2026-08-19 12:20:18	1	0	1	0	0	0	0	0	0
14555	2026-08-19 12:24:20	1	0	1	0	0	0	0	0	0
14577	2026-08-19 12:24:56	1	0	1	0	0	0	0	0	0
14574	2026-08-19 12:25:02	1	0	1	0	0	0	0	0	0
14566	2026-08-19 12:29:27	1	0	1	0	0	0	0	0	0
14545	2026-08-19 12:31:01	1	0	1	0	0	0	0	0	0
14561	2026-08-19 12:31:31	1	0	1	0	0	0	0	0	0
14518	2026-08-19 12:32:36	1	0	1	0	0	0	0	0	0
14552	2026-08-19 12:35:54	1	0	1	0	0	0	0	0	0
14559	2026-08-19 14:17:25	1	0	1	0	0	0	0	0	0
14571	2026-08-19 14:25:59	1	0	1	0	0	0	0	0	0
14111	2026-08-20 06:56:46	1	0	1	0	0	0	0	0	0
14123	2026-08-20 06:57:08	1	0	1	0	0	0	0	0	0
14109	2026-08-20 06:58:00	1	0	1	0	0	0	0	0	0
14108	2026-08-20 06:58:06	1	0	1	0	0	0	0	0	0
14124	2026-08-20 07:02:10	1	0	1	0	0	0	0	0	0
14132	2026-08-20 07:02:58	1	0	1	0	0	0	0	0	0
14114	2026-08-20 07:03:01	1	0	1	0	0	0	0	0	0
14116	2026-08-20 07:03:03	1	0	1	0	0	0	0	0	0
14119	2026-08-20 07:05:06	1	0	1	0	0	0	0	0	0
14133	2026-08-20 07:05:13	1	0	1	0	0	0	0	0	0
14125	2026-08-20 07:05:16	1	0	1	0	0	0	0	0	0
14134	2026-08-20 07:07:04	1	0	1	0	0	0	0	0	0
14121	2026-08-20 07:07:08	1	0	1	0	0	0	0	0	0
14106	2026-08-20 07:08:01	1	0	1	0	0	0	0	0	0
14118	2026-08-20 07:08:58	1	0	1	0	0	0	0	0	0
14127	2026-08-20 07:10:42	1	0	1	0	0	0	0	0	0
14120	2026-08-20 07:16:27	1	0	1	0	0	0	0	0	0
14120	2026-08-20 09:27:29	1	0	1	0	0	0	0	0	0
14115	2026-08-20 11:22:19	1	0	1	0	0	0	0	0	0
14561	2026-08-20 12:15:13	1	0	1	0	0	0	0	0	0
14575	2026-08-20 12:21:07	1	0	1	0	0	0	0	0	0
14518	2026-08-20 12:25:34	1	0	1	0	0	0	0	0	0
14516	2026-08-20 12:25:44	1	0	1	0	0	0	0	0	0
14574	2026-08-20 12:25:50	1	0	1	0	0	0	0	0	0
14571	2026-08-20 12:25:55	1	0	1	0	0	0	0	0	0
14547	2026-08-20 12:26:08	1	0	1	0	0	0	0	0	0
14577	2026-08-20 12:26:34	1	0	1	0	0	0	0	0	0
14557	2026-08-20 12:27:11	1	0	1	0	0	0	0	0	0
14549	2026-08-20 12:27:17	1	0	1	0	0	0	0	0	0
14562	2026-08-20 12:28:27	1	0	1	0	0	0	0	0	0
14553	2026-08-20 12:29:15	1	0	1	0	0	0	0	0	0
14116	2026-08-21 06:58:24	1	0	1	0	0	0	0	0	0
14117	2026-08-21 06:58:26	1	0	1	0	0	0	0	0	0
14130	2026-08-21 06:58:29	1	0	1	0	0	0	0	0	0
14132	2026-08-21 06:58:33	1	0	1	0	0	0	0	0	0
14108	2026-08-21 07:02:03	1	0	1	0	0	0	0	0	0
14111	2026-08-21 07:02:11	1	0	1	0	0	0	0	0	0
14114	2026-08-21 07:02:42	1	0	1	0	0	0	0	0	0
14125	2026-08-21 07:02:48	1	0	1	0	0	0	0	0	0
14124	2026-08-21 07:02:59	1	0	1	0	0	0	0	0	0
14123	2026-08-21 07:03:47	1	0	1	0	0	0	0	0	0
14105	2026-08-21 07:03:50	1	0	1	0	0	0	0	0	0
14122	2026-08-21 07:04:08	1	0	1	0	0	0	0	0	0
14109	2026-08-21 07:04:39	1	0	1	0	0	0	0	0	0
14120	2026-08-21 07:04:42	1	0	1	0	0	0	0	0	0
14133	2026-08-21 07:05:33	1	0	1	0	0	0	0	0	0
14119	2026-08-21 07:07:31	1	0	1	0	0	0	0	0	0
14136	2026-08-21 07:07:54	1	0	1	0	0	0	0	0	0
14129	2026-08-21 07:07:57	1	0	1	0	0	0	0	0	0
14134	2026-08-21 07:08:50	1	0	1	0	0	0	0	0	0
14121	2026-08-21 07:09:00	1	0	1	0	0	0	0	0	0
14118	2026-08-21 07:09:07	1	0	1	0	0	0	0	0	0
14127	2026-08-21 07:13:44	1	0	1	0	0	0	0	0	0
14115	2026-08-21 09:30:20	1	0	1	0	0	0	0	0	0
14561	2026-08-21 12:48:39	1	0	1	0	0	0	0	0	0
14571	2026-08-21 12:49:52	1	0	1	0	0	0	0	0	0
14546	2026-08-21 12:50:11	1	0	1	0	0	0	0	0	0
14575	2026-08-21 12:50:15	1	0	1	0	0	0	0	0	0
14558	2026-08-21 12:50:19	1	0	1	0	0	0	0	0	0
14557	2026-08-21 12:54:23	1	0	1	0	0	0	0	0	0
14547	2026-08-21 12:54:26	1	0	1	0	0	0	0	0	0
14548	2026-08-21 12:54:35	1	0	1	0	0	0	0	0	0
14570	2026-08-21 12:54:37	1	0	1	0	0	0	0	0	0
14572	2026-08-21 13:01:48	1	0	1	0	0	0	0	0	0
14535	2026-08-21 13:02:45	1	0	1	0	0	0	0	0	0
14517	2026-08-21 13:02:48	1	0	1	0	0	0	0	0	0
14061	2026-08-21 15:15:46	1	0	1	0	0	0	0	0	0
13971	2026-08-24 06:48:52	1	0	1	0	0	0	0	0	0
13969	2026-08-24 06:50:10	1	0	1	0	0	0	0	0	0
13977	2026-08-24 06:50:14	1	0	1	0	0	0	0	0	0
14024	2026-08-24 06:50:34	1	0	1	0	0	0	0	0	0
13993	2026-08-24 06:51:44	1	0	1	0	0	0	0	0	0
13983	2026-08-24 06:52:01	1	0	1	0	0	0	0	0	0
14025	2026-08-24 06:55:07	1	0	1	0	0	0	0	0	0
13997	2026-08-24 06:55:45	1	0	1	0	0	0	0	0	0
13976	2026-08-24 06:57:04	1	0	1	0	0	0	0	0	0
14018	2026-08-24 06:57:24	1	0	1	0	0	0	0	0	0
13992	2026-08-24 06:57:38	1	0	1	0	0	0	0	0	0
14011	2026-08-24 07:00:11	1	0	1	0	0	0	0	0	0
14006	2026-08-24 07:00:16	1	0	1	0	0	0	0	0	0
14030	2026-08-24 07:00:19	1	0	1	0	0	0	0	0	0
14026	2026-08-24 07:00:22	1	0	1	0	0	0	0	0	0
14007	2026-08-24 07:00:25	1	0	1	0	0	0	0	0	0
14116	2026-08-24 07:00:28	1	0	1	0	0	0	0	0	0
14120	2026-08-24 07:00:30	1	0	1	0	0	0	0	0	0
13970	2026-08-24 07:00:37	1	0	1	0	0	0	0	0	0
13998	2026-08-24 07:00:39	1	0	1	0	0	0	0	0	0
13980	2026-08-24 07:00:43	1	0	1	0	0	0	0	0	0
14002	2026-08-24 07:00:46	1	0	1	0	0	0	0	0	0
14033	2026-08-24 07:01:58	1	0	1	0	0	0	0	0	0
13999	2026-08-24 07:02:38	1	0	1	0	0	0	0	0	0
14117	2026-08-24 07:04:03	1	0	1	0	0	0	0	0	0
13987	2026-08-24 07:05:21	1	0	1	0	0	0	0	0	0
13986	2026-08-24 07:05:24	1	0	1	0	0	0	0	0	0
14134	2026-08-24 07:07:15	1	0	1	0	0	0	0	0	0
14115	2026-08-24 07:07:29	1	0	1	0	0	0	0	0	0
14125	2026-08-24 07:07:44	1	0	1	0	0	0	0	0	0
14119	2026-08-24 07:07:50	1	0	1	0	0	0	0	0	0
14136	2026-08-24 07:08:09	1	0	1	0	0	0	0	0	0
14005	2026-08-24 07:08:17	1	0	1	0	0	0	0	0	0
14124	2026-08-24 07:08:47	1	0	1	0	0	0	0	0	0
14014	2026-08-24 07:08:53	1	0	1	0	0	0	0	0	0
14118	2026-08-24 07:10:59	1	0	1	0	0	0	0	0	0
14127	2026-08-24 07:14:45	1	0	1	0	0	0	0	0	0
13967	2026-08-24 08:17:44	1	0	1	0	0	0	0	0	0
14128	2026-08-24 08:19:58	1	0	1	0	0	0	0	0	0
13987	2026-08-24 09:30:22	1	0	1	0	0	0	0	0	0
14111	2026-08-24 10:00:20	1	0	1	0	0	0	0	0	0
14595	2026-08-24 12:10:57	1	0	1	0	0	0	0	0	0
14587	2026-08-24 12:11:09	1	0	1	0	0	0	0	0	0
14585	2026-08-24 12:11:13	1	0	1	0	0	0	0	0	0
14502	2026-08-24 12:15:27	1	0	1	0	0	0	0	0	0
14468	2026-08-24 12:16:32	1	0	1	0	0	0	0	0	0
14474	2026-08-24 12:16:34	1	0	1	0	0	0	0	0	0
14601	2026-08-24 12:18:08	1	0	1	0	0	0	0	0	0
14582	2026-08-24 12:18:45	1	0	1	0	0	0	0	0	0
14511	2026-08-24 12:19:05	1	0	1	0	0	0	0	0	0
14607	2026-08-24 12:19:26	1	0	1	0	0	0	0	0	0
14594	2026-08-24 12:21:21	1	0	1	0	0	0	0	0	0
14466	2026-08-24 12:21:44	1	0	1	0	0	0	0	0	0
14469	2026-08-24 12:21:46	1	0	1	0	0	0	0	0	0
14448	2026-08-24 12:21:49	1	0	1	0	0	0	0	0	0
14452	2026-08-24 12:21:52	1	0	1	0	0	0	0	0	0
14593	2026-08-24 12:22:03	1	0	1	0	0	0	0	0	0
14584	2026-08-24 12:22:22	1	0	1	0	0	0	0	0	0
14491	2026-08-24 12:23:47	1	0	1	0	0	0	0	0	0
14579	2026-08-24 12:25:16	1	0	1	0	0	0	0	0	0
14598	2026-08-24 12:25:19	1	0	1	0	0	0	0	0	0
14581	2026-08-24 12:25:24	1	0	1	0	0	0	0	0	0
14588	2026-08-24 12:25:27	1	0	1	0	0	0	0	0	0
14604	2026-08-24 12:25:30	1	0	1	0	0	0	0	0	0
14490	2026-08-24 12:25:36	1	0	1	0	0	0	0	0	0
14606	2026-08-24 12:31:25	1	0	1	0	0	0	0	0	0
14599	2026-08-24 12:31:28	1	0	1	0	0	0	0	0	0
14592	2026-08-24 12:31:44	1	0	1	0	0	0	0	0	0
14487	2026-08-24 12:31:55	1	0	1	0	0	0	0	0	0
14496	2026-08-24 12:32:16	1	0	1	0	0	0	0	0	0
14482	2026-08-24 12:32:53	1	0	1	0	0	0	0	0	0
14470	2026-08-24 12:35:02	1	0	1	0	0	0	0	0	0
14512	2026-08-24 16:48:36	1	0	1	0	0	0	0	0	0
14452	2026-08-24 17:12:01	1	0	1	0	0	0	0	0	0
14463	2026-08-24 17:12:20	1	0	1	0	0	0	0	0	0
13978	2026-08-26 06:52:59	1	0	1	0	0	0	0	0	0
14002	2026-08-26 06:53:05	1	0	1	0	0	0	0	0	0
13968	2026-08-26 06:54:53	1	0	1	0	0	0	0	0	0
14025	2026-08-26 06:54:59	1	0	1	0	0	0	0	0	0
13980	2026-08-26 06:55:16	1	0	1	0	0	0	0	0	0
13992	2026-08-26 06:55:22	1	0	1	0	0	0	0	0	0
13998	2026-08-26 06:55:28	1	0	1	0	0	0	0	0	0
13984	2026-08-26 06:55:41	1	0	1	0	0	0	0	0	0
13977	2026-08-26 06:56:42	1	0	1	0	0	0	0	0	0
14030	2026-08-26 06:57:37	1	0	1	0	0	0	0	0	0
13999	2026-08-26 06:57:44	1	0	1	0	0	0	0	0	0
13967	2026-08-26 06:59:00	1	0	1	0	0	0	0	0	0
13996	2026-08-26 07:00:04	1	0	1	0	0	0	0	0	0
13990	2026-08-26 07:00:07	1	0	1	0	0	0	0	0	0
13969	2026-08-26 07:00:13	1	0	1	0	0	0	0	0	0
13991	2026-08-26 07:00:17	1	0	1	0	0	0	0	0	0
13983	2026-08-26 07:00:20	1	0	1	0	0	0	0	0	0
13989	2026-08-26 07:00:27	1	0	1	0	0	0	0	0	0
13995	2026-08-26 07:00:46	1	0	1	0	0	0	0	0	0
13993	2026-08-26 07:01:36	1	0	1	0	0	0	0	0	0
14018	2026-08-26 07:01:41	1	0	1	0	0	0	0	0	0
14021	2026-08-26 07:01:44	1	0	1	0	0	0	0	0	0
14007	2026-08-26 07:02:25	1	0	1	0	0	0	0	0	0
14017	2026-08-26 07:02:28	1	0	1	0	0	0	0	0	0
14011	2026-08-26 07:02:47	1	0	1	0	0	0	0	0	0
13987	2026-08-26 07:03:00	1	0	1	0	0	0	0	0	0
13981	2026-08-26 07:03:03	1	0	1	0	0	0	0	0	0
13986	2026-08-26 07:03:06	1	0	1	0	0	0	0	0	0
14033	2026-08-26 07:03:11	1	0	1	0	0	0	0	0	0
14014	2026-08-26 07:05:01	1	0	1	0	0	0	0	0	0
14016	2026-08-26 07:05:05	1	0	1	0	0	0	0	0	0
14015	2026-08-26 07:06:03	1	0	1	0	0	0	0	0	0
14032	2026-08-26 07:06:10	1	0	1	0	0	0	0	0	0
14005	2026-08-26 07:07:37	1	0	1	0	0	0	0	0	0
14000	2026-08-26 12:07:06	1	0	1	0	0	0	0	0	0
14584	2026-08-26 12:18:09	1	0	1	0	0	0	0	0	0
14580	2026-08-26 12:19:03	1	0	1	0	0	0	0	0	0
14458	2026-08-26 12:19:07	1	0	1	0	0	0	0	0	0
14491	2026-08-26 12:19:13	1	0	1	0	0	0	0	0	0
14474	2026-08-26 12:19:20	1	0	1	0	0	0	0	0	0
14595	2026-08-26 12:19:23	1	0	1	0	0	0	0	0	0
14587	2026-08-26 12:19:26	1	0	1	0	0	0	0	0	0
14466	2026-08-26 12:19:31	1	0	1	0	0	0	0	0	0
14602	2026-08-26 12:19:37	1	0	1	0	0	0	0	0	0
14594	2026-08-26 12:19:42	1	0	1	0	0	0	0	0	0
14588	2026-08-26 12:19:44	1	0	1	0	0	0	0	0	0
14511	2026-08-26 12:19:50	1	0	1	0	0	0	0	0	0
14462	2026-08-26 12:20:07	1	0	1	0	0	0	0	0	0
14453	2026-08-26 12:20:10	1	0	1	0	0	0	0	0	0
14507	2026-08-26 12:20:14	1	0	1	0	0	0	0	0	0
14592	2026-08-26 12:20:17	1	0	1	0	0	0	0	0	0
14579	2026-08-26 12:20:20	1	0	1	0	0	0	0	0	0
14598	2026-08-26 12:20:26	1	0	1	0	0	0	0	0	0
14468	2026-08-26 12:20:32	1	0	1	0	0	0	0	0	0
14469	2026-08-26 12:27:21	1	0	1	0	0	0	0	0	0
14448	2026-08-26 12:27:30	1	0	1	0	0	0	0	0	0
14476	2026-08-26 12:27:41	1	0	1	0	0	0	0	0	0
14461	2026-08-26 12:27:50	1	0	1	0	0	0	0	0	0
14485	2026-08-26 12:28:09	1	0	1	0	0	0	0	0	0
14490	2026-08-26 12:28:12	1	0	1	0	0	0	0	0	0
14578	2026-08-26 12:28:18	1	0	1	0	0	0	0	0	0
14585	2026-08-26 12:28:23	1	0	1	0	0	0	0	0	0
14488	2026-08-26 12:28:26	1	0	1	0	0	0	0	0	0
14471	2026-08-26 12:28:31	1	0	1	0	0	0	0	0	0
14477	2026-08-26 12:28:37	1	0	1	0	0	0	0	0	0
14593	2026-08-26 12:28:51	1	0	1	0	0	0	0	0	0
14591	2026-08-26 12:29:17	1	0	1	0	0	0	0	0	0
14607	2026-08-26 12:29:32	1	0	1	0	0	0	0	0	0
14606	2026-08-26 12:29:44	1	0	1	0	0	0	0	0	0
14131	2026-08-26 12:30:19	1	0	1	0	0	0	0	0	0
14583	2026-08-26 12:30:22	1	0	1	0	0	0	0	0	0
14489	2026-08-26 12:30:25	1	0	1	0	0	0	0	0	0
14486	2026-08-26 12:30:28	1	0	1	0	0	0	0	0	0
14509	2026-08-26 12:30:31	1	0	1	0	0	0	0	0	0
14581	2026-08-26 12:30:39	1	0	1	0	0	0	0	0	0
14605	2026-08-26 12:30:55	1	0	1	0	0	0	0	0	0
14604	2026-08-26 12:31:00	1	0	1	0	0	0	0	0	0
14452	2026-08-26 12:34:09	1	0	1	0	0	0	0	0	0
14599	2026-08-26 12:34:11	1	0	1	0	0	0	0	0	0
14492	2026-08-26 12:38:38	1	0	1	0	0	0	0	0	0
14482	2026-08-26 12:38:48	1	0	1	0	0	0	0	0	0
13983	2026-08-27 06:48:34	1	0	1	0	0	0	0	0	0
14023	2026-08-27 06:51:00	1	0	1	0	0	0	0	0	0
14015	2026-08-27 06:54:28	1	0	1	0	0	0	0	0	0
13997	2026-08-27 06:55:55	1	0	1	0	0	0	0	0	0
14021	2026-08-27 06:57:16	1	0	1	0	0	0	0	0	0
13980	2026-08-27 06:57:19	1	0	1	0	0	0	0	0	0
13970	2026-08-27 06:57:23	1	0	1	0	0	0	0	0	0
13968	2026-08-27 06:57:25	1	0	1	0	0	0	0	0	0
13966	2026-08-27 06:57:28	1	0	1	0	0	0	0	0	0
14011	2026-08-27 06:57:32	1	0	1	0	0	0	0	0	0
14006	2026-08-27 06:57:36	1	0	1	0	0	0	0	0	0
13991	2026-08-27 06:59:28	1	0	1	0	0	0	0	0	0
14017	2026-08-27 06:59:33	1	0	1	0	0	0	0	0	0
14007	2026-08-27 06:59:35	1	0	1	0	0	0	0	0	0
13996	2026-08-27 06:59:38	1	0	1	0	0	0	0	0	0
13969	2026-08-27 06:59:41	1	0	1	0	0	0	0	0	0
14004	2026-08-27 06:59:44	1	0	1	0	0	0	0	0	0
13993	2026-08-27 06:59:48	1	0	1	0	0	0	0	0	0
14018	2026-08-27 07:00:15	1	0	1	0	0	0	0	0	0
14009	2026-08-27 07:00:21	1	0	1	0	0	0	0	0	0
13998	2026-08-27 07:01:18	1	0	1	0	0	0	0	0	0
13999	2026-08-27 07:01:39	1	0	1	0	0	0	0	0	0
14002	2026-08-27 07:01:43	1	0	1	0	0	0	0	0	0
13989	2026-08-27 07:01:46	1	0	1	0	0	0	0	0	0
13995	2026-08-27 07:02:19	1	0	1	0	0	0	0	0	0
13974	2026-08-27 07:02:22	1	0	1	0	0	0	0	0	0
13967	2026-08-27 07:02:24	1	0	1	0	0	0	0	0	0
13984	2026-08-27 07:02:27	1	0	1	0	0	0	0	0	0
13981	2026-08-27 07:02:30	1	0	1	0	0	0	0	0	0
14032	2026-08-27 07:03:00	1	0	1	0	0	0	0	0	0
13987	2026-08-27 07:04:53	1	0	1	0	0	0	0	0	0
13986	2026-08-27 07:05:00	1	0	1	0	0	0	0	0	0
13990	2026-08-27 07:05:03	1	0	1	0	0	0	0	0	0
14016	2026-08-27 07:05:18	1	0	1	0	0	0	0	0	0
14005	2026-08-27 07:05:38	1	0	1	0	0	0	0	0	0
14033	2026-08-27 07:09:26	1	0	1	0	0	0	0	0	0
13978	2026-08-27 08:09:47	1	0	1	0	0	0	0	0	0
14030	2026-08-27 08:10:17	1	0	1	0	0	0	0	0	0
14012	2026-08-27 08:10:20	1	0	1	0	0	0	0	0	0
14511	2026-08-27 12:12:06	1	0	1	0	0	0	0	0	0
14587	2026-08-27 12:16:19	1	0	1	0	0	0	0	0	0
14595	2026-08-27 12:16:25	1	0	1	0	0	0	0	0	0
14585	2026-08-27 12:16:32	1	0	1	0	0	0	0	0	0
14594	2026-08-27 12:16:35	1	0	1	0	0	0	0	0	0
14591	2026-08-27 12:16:38	1	0	1	0	0	0	0	0	0
14474	2026-08-27 12:16:51	1	0	1	0	0	0	0	0	0
14466	2026-08-27 12:16:54	1	0	1	0	0	0	0	0	0
14465	2026-08-27 12:16:57	1	0	1	0	0	0	0	0	0
14495	2026-08-27 12:17:11	1	0	1	0	0	0	0	0	0
14462	2026-08-27 12:17:45	1	0	1	0	0	0	0	0	0
14454	2026-08-27 12:17:48	1	0	1	0	0	0	0	0	0
14584	2026-08-27 12:18:30	1	0	1	0	0	0	0	0	0
14491	2026-08-27 12:18:48	1	0	1	0	0	0	0	0	0
14592	2026-08-27 12:20:29	1	0	1	0	0	0	0	0	0
14487	2026-08-27 12:20:36	1	0	1	0	0	0	0	0	0
14504	2026-08-27 12:22:22	1	0	1	0	0	0	0	0	0
14473	2026-08-27 12:22:26	1	0	1	0	0	0	0	0	0
14476	2026-08-27 12:22:30	1	0	1	0	0	0	0	0	0
14453	2026-08-27 12:24:19	1	0	1	0	0	0	0	0	0
14469	2026-08-27 12:25:18	1	0	1	0	0	0	0	0	0
14598	2026-08-27 12:25:54	1	0	1	0	0	0	0	0	0
14450	2026-08-27 12:27:08	1	0	1	0	0	0	0	0	0
14581	2026-08-27 12:27:19	1	0	1	0	0	0	0	0	0
14588	2026-08-27 12:27:26	1	0	1	0	0	0	0	0	0
14471	2026-08-27 12:28:06	1	0	1	0	0	0	0	0	0
14488	2026-08-27 12:28:26	1	0	1	0	0	0	0	0	0
14494	2026-08-27 12:28:39	1	0	1	0	0	0	0	0	0
14456	2026-08-27 12:28:50	1	0	1	0	0	0	0	0	0
14457	2026-08-27 12:28:53	1	0	1	0	0	0	0	0	0
14580	2026-08-27 12:28:56	1	0	1	0	0	0	0	0	0
14578	2026-08-27 12:29:21	1	0	1	0	0	0	0	0	0
14131	2026-08-27 12:29:28	1	0	1	0	0	0	0	0	0
14604	2026-08-27 12:29:32	1	0	1	0	0	0	0	0	0
14461	2026-08-27 12:30:04	1	0	1	0	0	0	0	0	0
14509	2026-08-27 12:30:11	1	0	1	0	0	0	0	0	0
14599	2026-08-27 12:30:18	1	0	1	0	0	0	0	0	0
14593	2026-08-27 12:30:24	1	0	1	0	0	0	0	0	0
14605	2026-08-27 12:30:29	1	0	1	0	0	0	0	0	0
14602	2026-08-27 12:31:28	1	0	1	0	0	0	0	0	0
14470	2026-08-27 12:37:28	1	0	1	0	0	0	0	0	0
14455	2026-08-27 16:36:17	1	0	1	0	0	0	0	0	0
14591	2026-08-27 17:30:55	1	0	1	0	0	0	0	0	0
13989	2026-08-28 06:48:36	1	0	1	0	0	0	0	0	0
13973	2026-08-28 06:48:56	1	0	1	0	0	0	0	0	0
13991	2026-08-28 06:49:00	1	0	1	0	0	0	0	0	0
13998	2026-08-28 06:50:25	1	0	1	0	0	0	0	0	0
13980	2026-08-28 06:52:48	1	0	1	0	0	0	0	0	0
14030	2026-08-28 06:53:02	1	0	1	0	0	0	0	0	0
13968	2026-08-28 06:53:13	1	0	1	0	0	0	0	0	0
13990	2026-08-28 06:53:16	1	0	1	0	0	0	0	0	0
13993	2026-08-28 06:54:30	1	0	1	0	0	0	0	0	0
14021	2026-08-28 06:54:59	1	0	1	0	0	0	0	0	0
13966	2026-08-28 06:55:11	1	0	1	0	0	0	0	0	0
13997	2026-08-28 06:55:14	1	0	1	0	0	0	0	0	0
13984	2026-08-28 06:56:33	1	0	1	0	0	0	0	0	0
13970	2026-08-28 06:56:36	1	0	1	0	0	0	0	0	0
14018	2026-08-28 06:58:41	1	0	1	0	0	0	0	0	0
14004	2026-08-28 07:00:21	1	0	1	0	0	0	0	0	0
13999	2026-08-28 07:00:37	1	0	1	0	0	0	0	0	0
13983	2026-08-28 07:00:41	1	0	1	0	0	0	0	0	0
13969	2026-08-28 07:00:53	1	0	1	0	0	0	0	0	0
13996	2026-08-28 07:00:58	1	0	1	0	0	0	0	0	0
13967	2026-08-28 07:01:09	1	0	1	0	0	0	0	0	0
13995	2026-08-28 07:01:12	1	0	1	0	0	0	0	0	0
13978	2026-08-28 07:01:33	1	0	1	0	0	0	0	0	0
14033	2026-08-28 07:01:42	1	0	1	0	0	0	0	0	0
14015	2026-08-28 07:02:56	1	0	1	0	0	0	0	0	0
14017	2026-08-28 07:02:59	1	0	1	0	0	0	0	0	0
14007	2026-08-28 07:03:02	1	0	1	0	0	0	0	0	0
13981	2026-08-28 07:03:50	1	0	1	0	0	0	0	0	0
14009	2026-08-28 07:04:26	1	0	1	0	0	0	0	0	0
13987	2026-08-28 07:04:52	1	0	1	0	0	0	0	0	0
13986	2026-08-28 07:04:59	1	0	1	0	0	0	0	0	0
14005	2026-08-28 07:05:04	1	0	1	0	0	0	0	0	0
13974	2026-08-28 07:05:12	1	0	1	0	0	0	0	0	0
13987	2026-08-28 08:22:28	1	0	1	0	0	0	0	0	0
14453	2026-08-28 12:31:43	1	0	1	0	0	0	0	0	0
14468	2026-08-28 12:45:55	1	0	1	0	0	0	0	0	0
14598	2026-08-28 12:46:25	1	0	1	0	0	0	0	0	0
14594	2026-08-28 12:46:31	1	0	1	0	0	0	0	0	0
14582	2026-08-28 12:46:34	1	0	1	0	0	0	0	0	0
14604	2026-08-28 12:51:06	1	0	1	0	0	0	0	0	0
14605	2026-08-28 12:56:59	1	0	1	0	0	0	0	0	0
14488	2026-08-28 12:58:58	1	0	1	0	0	0	0	0	0
14469	2026-08-28 12:59:11	1	0	1	0	0	0	0	0	0
14466	2026-08-28 12:59:15	1	0	1	0	0	0	0	0	0
14607	2026-08-28 12:59:19	1	0	1	0	0	0	0	0	0
14588	2026-08-28 12:59:29	1	0	1	0	0	0	0	0	0
14454	2026-08-28 12:59:41	1	0	1	0	0	0	0	0	0
14462	2026-08-28 12:59:46	1	0	1	0	0	0	0	0	0
14452	2026-08-28 12:59:49	1	0	1	0	0	0	0	0	0
14486	2026-08-28 13:00:11	1	0	1	0	0	0	0	0	0
14599	2026-08-28 13:00:58	1	0	1	0	0	0	0	0	0
14580	2026-08-28 13:01:01	1	0	1	0	0	0	0	0	0
14595	2026-08-28 13:01:13	1	0	1	0	0	0	0	0	0
14498	2026-08-28 13:01:31	1	0	1	0	0	0	0	0	0
14509	2026-08-28 13:01:37	1	0	1	0	0	0	0	0	0
14494	2026-08-28 13:03:12	1	0	1	0	0	0	0	0	0
14492	2026-08-28 13:03:16	1	0	1	0	0	0	0	0	0
14489	2026-08-28 13:03:19	1	0	1	0	0	0	0	0	0
14592	2026-08-28 13:03:22	1	0	1	0	0	0	0	0	0
14602	2026-08-28 13:03:30	1	0	1	0	0	0	0	0	0
14593	2026-08-28 13:03:38	1	0	1	0	0	0	0	0	0
14490	2026-08-28 13:07:46	1	0	1	0	0	0	0	0	0
14504	2026-08-28 13:09:29	1	0	1	0	0	0	0	0	0
14497	2026-08-28 16:47:04	1	0	1	0	0	0	0	0	0
14483	2026-08-28 16:47:20	1	0	1	0	0	0	0	0	0
13993	2026-08-31 06:51:06	1	0	1	0	0	0	0	0	0
13973	2026-08-31 06:51:09	1	0	1	0	0	0	0	0	0
13977	2026-08-31 06:51:12	1	0	1	0	0	0	0	0	0
13971	2026-08-31 06:52:04	1	0	1	0	0	0	0	0	0
13970	2026-08-31 06:52:07	1	0	1	0	0	0	0	0	0
13978	2026-08-31 06:55:02	1	0	1	0	0	0	0	0	0
13991	2026-08-31 06:55:35	1	0	1	0	0	0	0	0	0
14017	2026-08-31 06:56:22	1	0	1	0	0	0	0	0	0
14111	2026-08-31 06:56:41	1	0	1	0	0	0	0	0	0
13989	2026-08-31 06:57:31	1	0	1	0	0	0	0	0	0
13983	2026-08-31 06:57:34	1	0	1	0	0	0	0	0	0
13996	2026-08-31 06:58:28	1	0	1	0	0	0	0	0	0
14011	2026-08-31 06:58:31	1	0	1	0	0	0	0	0	0
13969	2026-08-31 06:58:34	1	0	1	0	0	0	0	0	0
14030	2026-08-31 06:58:50	1	0	1	0	0	0	0	0	0
13968	2026-08-31 07:00:29	1	0	1	0	0	0	0	0	0
13995	2026-08-31 07:00:32	1	0	1	0	0	0	0	0	0
13980	2026-08-31 07:00:51	1	0	1	0	0	0	0	0	0
14123	2026-08-31 07:01:12	1	0	1	0	0	0	0	0	0
14121	2026-08-31 07:01:15	1	0	1	0	0	0	0	0	0
14105	2026-08-31 07:01:18	1	0	1	0	0	0	0	0	0
14118	2026-08-31 07:01:21	1	0	1	0	0	0	0	0	0
14004	2026-08-31 07:01:31	1	0	1	0	0	0	0	0	0
14006	2026-08-31 07:01:34	1	0	1	0	0	0	0	0	0
14124	2026-08-31 07:01:44	1	0	1	0	0	0	0	0	0
14021	2026-08-31 07:01:57	1	0	1	0	0	0	0	0	0
14012	2026-08-31 07:02:24	1	0	1	0	0	0	0	0	0
14109	2026-08-31 07:02:30	1	0	1	0	0	0	0	0	0
14117	2026-08-31 07:02:34	1	0	1	0	0	0	0	0	0
14108	2026-08-31 07:02:38	1	0	1	0	0	0	0	0	0
13965	2026-08-31 07:03:00	1	0	1	0	0	0	0	0	0
14136	2026-08-31 07:03:03	1	0	1	0	0	0	0	0	0
14114	2026-08-31 07:03:07	1	0	1	0	0	0	0	0	0
14119	2026-08-31 07:03:13	1	0	1	0	0	0	0	0	0
13981	2026-08-31 07:03:21	1	0	1	0	0	0	0	0	0
14122	2026-08-31 07:03:34	1	0	1	0	0	0	0	0	0
14033	2026-08-31 07:03:49	1	0	1	0	0	0	0	0	0
14116	2026-08-31 07:03:56	1	0	1	0	0	0	0	0	0
14002	2026-08-31 07:03:59	1	0	1	0	0	0	0	0	0
14107	2026-08-31 07:04:40	1	0	1	0	0	0	0	0	0
14130	2026-08-31 07:04:43	1	0	1	0	0	0	0	0	0
14129	2026-08-31 07:04:51	1	0	1	0	0	0	0	0	0
14005	2026-08-31 07:06:10	1	0	1	0	0	0	0	0	0
14134	2026-08-31 07:08:07	1	0	1	0	0	0	0	0	0
14133	2026-08-31 07:08:13	1	0	1	0	0	0	0	0	0
14125	2026-08-31 07:08:21	1	0	1	0	0	0	0	0	0
14127	2026-08-31 07:13:36	1	0	1	0	0	0	0	0	0
13974	2026-08-31 07:13:39	1	0	1	0	0	0	0	0	0
14120	2026-08-31 08:04:56	1	0	1	0	0	0	0	0	0
14546	2026-08-31 12:16:42	1	0	1	0	0	0	0	0	0
14575	2026-08-31 12:22:39	1	0	1	0	0	0	0	0	0
14574	2026-08-31 12:25:04	1	0	1	0	0	0	0	0	0
14576	2026-08-31 12:25:25	1	0	1	0	0	0	0	0	0
14550	2026-08-31 12:25:28	1	0	1	0	0	0	0	0	0
14577	2026-08-31 12:27:35	1	0	1	0	0	0	0	0	0
14529	2026-08-31 12:27:58	1	0	1	0	0	0	0	0	0
14555	2026-08-31 12:29:00	1	0	1	0	0	0	0	0	0
14562	2026-08-31 12:29:54	1	0	1	0	0	0	0	0	0
14573	2026-08-31 12:30:11	1	0	1	0	0	0	0	0	0
14557	2026-08-31 12:30:15	1	0	1	0	0	0	0	0	0
14566	2026-08-31 12:30:55	1	0	1	0	0	0	0	0	0
14559	2026-08-31 15:53:52	1	0	1	0	0	0	0	0	0
14554	2026-08-31 16:15:41	1	0	1	0	0	0	0	0	0
14518	2026-09-01 06:52:16	1	0	1	0	0	0	0	0	0
14519	2026-09-01 06:52:19	1	0	1	0	0	0	0	0	0
14121	2026-09-01 06:54:24	1	0	1	0	0	0	0	0	0
14123	2026-09-01 06:56:57	1	0	1	0	0	0	0	0	0
14116	2026-09-01 06:59:28	1	0	1	0	0	0	0	0	0
14109	2026-09-01 06:59:32	1	0	1	0	0	0	0	0	0
14120	2026-09-01 07:00:40	1	0	1	0	0	0	0	0	0
14108	2026-09-01 07:01:06	1	0	1	0	0	0	0	0	0
14122	2026-09-01 07:01:24	1	0	1	0	0	0	0	0	0
14132	2026-09-01 07:03:00	1	0	1	0	0	0	0	0	0
14115	2026-09-01 07:03:02	1	0	1	0	0	0	0	0	0
14118	2026-09-01 07:04:23	1	0	1	0	0	0	0	0	0
14125	2026-09-01 07:21:11	1	0	1	0	0	0	0	0	0
14128	2026-09-01 07:21:19	1	0	1	0	0	0	0	0	0
14105	2026-09-01 07:21:23	1	0	1	0	0	0	0	0	0
14119	2026-09-01 07:58:54	1	0	1	0	0	0	0	0	0
14117	2026-09-01 08:00:04	1	0	1	0	0	0	0	0	0
14940	2026-09-01 10:05:39	1	0	1	0	0	0	0	0	0
14110	2026-09-01 11:23:12	1	0	1	0	0	0	0	0	0
14114	2026-09-01 12:05:28	1	0	1	0	0	0	0	0	0
14530	2026-09-01 12:11:46	1	0	1	0	0	0	0	0	0
14569	2026-09-01 12:13:39	1	0	1	0	0	0	0	0	0
14539	2026-09-01 12:13:49	1	0	1	0	0	0	0	0	0
14531	2026-09-01 12:15:16	1	0	1	0	0	0	0	0	0
14549	2026-09-01 12:17:13	1	0	1	0	0	0	0	0	0
14517	2026-09-01 12:17:21	1	0	1	0	0	0	0	0	0
14525	2026-09-01 12:17:45	1	0	1	0	0	0	0	0	0
14555	2026-09-01 12:17:48	1	0	1	0	0	0	0	0	0
14567	2026-09-01 12:18:49	1	0	1	0	0	0	0	0	0
14576	2026-09-01 12:19:47	1	0	1	0	0	0	0	0	0
14550	2026-09-01 12:19:50	1	0	1	0	0	0	0	0	0
14575	2026-09-01 12:20:01	1	0	1	0	0	0	0	0	0
14572	2026-09-01 12:20:25	1	0	1	0	0	0	0	0	0
14571	2026-09-01 12:20:29	1	0	1	0	0	0	0	0	0
14573	2026-09-01 12:20:37	1	0	1	0	0	0	0	0	0
14547	2026-09-01 12:20:39	1	0	1	0	0	0	0	0	0
14562	2026-09-01 12:24:43	1	0	1	0	0	0	0	0	0
14574	2026-09-01 12:29:34	1	0	1	0	0	0	0	0	0
14545	2026-09-01 12:29:42	1	0	1	0	0	0	0	0	0
14537	2026-09-01 12:31:22	1	0	1	0	0	0	0	0	0
14566	2026-09-01 12:31:39	1	0	1	0	0	0	0	0	0
14540	2026-09-01 13:05:18	1	0	1	0	0	0	0	0	0
14061	2026-09-01 14:09:28	1	0	1	0	0	0	0	0	0
15024	2026-09-02 06:43:22	1	0	1	0	0	0	0	0	0
15011	2026-09-02 06:43:33	1	0	1	0	0	0	0	0	0
15025	2026-09-02 06:43:45	1	0	1	0	0	0	0	0	0
14974	2026-09-02 06:43:48	1	0	1	0	0	0	0	0	0
14988	2026-09-02 06:43:51	1	0	1	0	0	0	0	0	0
14940	2026-09-02 06:44:17	1	0	1	0	0	0	0	0	0
14953	2026-09-02 06:46:11	1	0	1	0	0	0	0	0	0
14950	2026-09-02 06:47:02	1	0	1	0	0	0	0	0	0
14954	2026-09-02 06:47:05	1	0	1	0	0	0	0	0	0
14945	2026-09-02 06:47:08	1	0	1	0	0	0	0	0	0
14948	2026-09-02 06:47:52	1	0	1	0	0	0	0	0	0
15029	2026-09-02 06:48:44	1	0	1	0	0	0	0	0	0
15026	2026-09-02 06:49:22	1	0	1	0	0	0	0	0	0
14970	2026-09-02 06:49:59	1	0	1	0	0	0	0	0	0
14966	2026-09-02 06:50:54	1	0	1	0	0	0	0	0	0
14997	2026-09-02 06:51:00	1	0	1	0	0	0	0	0	0
14943	2026-09-02 06:51:03	1	0	1	0	0	0	0	0	0
15002	2026-09-02 06:52:07	1	0	1	0	0	0	0	0	0
15006	2026-09-02 06:52:12	1	0	1	0	0	0	0	0	0
14955	2026-09-02 06:52:25	1	0	1	0	0	0	0	0	0
14984	2026-09-02 06:53:13	1	0	1	0	0	0	0	0	0
14998	2026-09-02 06:53:16	1	0	1	0	0	0	0	0	0
14969	2026-09-02 06:53:19	1	0	1	0	0	0	0	0	0
14978	2026-09-02 06:53:22	1	0	1	0	0	0	0	0	0
14982	2026-09-02 06:53:29	1	0	1	0	0	0	0	0	0
14985	2026-09-02 06:53:48	1	0	1	0	0	0	0	0	0
14976	2026-09-02 06:53:52	1	0	1	0	0	0	0	0	0
14979	2026-09-02 06:53:56	1	0	1	0	0	0	0	0	0
15018	2026-09-02 06:53:59	1	0	1	0	0	0	0	0	0
14971	2026-09-02 06:54:03	1	0	1	0	0	0	0	0	0
14112	2026-09-02 06:54:11	1	0	1	0	0	0	0	0	0
15016	2026-09-02 06:54:14	1	0	1	0	0	0	0	0	0
14110	2026-09-02 06:54:21	1	0	1	0	0	0	0	0	0
14964	2026-09-02 06:54:45	1	0	1	0	0	0	0	0	0
14949	2026-09-02 06:54:48	1	0	1	0	0	0	0	0	0
14946	2026-09-02 06:55:04	1	0	1	0	0	0	0	0	0
14944	2026-09-02 06:55:07	1	0	1	0	0	0	0	0	0
14939	2026-09-02 06:55:11	1	0	1	0	0	0	0	0	0
14961	2026-09-02 06:55:19	1	0	1	0	0	0	0	0	0
14967	2026-09-02 06:55:24	1	0	1	0	0	0	0	0	0
14942	2026-09-02 06:55:32	1	0	1	0	0	0	0	0	0
15000	2026-09-02 06:55:38	1	0	1	0	0	0	0	0	0
14125	2026-09-02 06:55:44	1	0	1	0	0	0	0	0	0
14130	2026-09-02 06:55:47	1	0	1	0	0	0	0	0	0
14120	2026-09-02 06:55:49	1	0	1	0	0	0	0	0	0
14111	2026-09-02 06:55:52	1	0	1	0	0	0	0	0	0
15005	2026-09-02 06:56:47	1	0	1	0	0	0	0	0	0
15028	2026-09-02 06:57:02	1	0	1	0	0	0	0	0	0
14981	2026-09-02 06:57:10	1	0	1	0	0	0	0	0	0
14106	2026-09-02 06:57:16	1	0	1	0	0	0	0	0	0
14951	2026-09-02 06:57:21	1	0	1	0	0	0	0	0	0
14980	2026-09-02 06:57:25	1	0	1	0	0	0	0	0	0
14991	2026-09-02 06:57:30	1	0	1	0	0	0	0	0	0
14977	2026-09-02 06:57:43	1	0	1	0	0	0	0	0	0
14109	2026-09-02 06:57:50	1	0	1	0	0	0	0	0	0
14993	2026-09-02 06:58:02	1	0	1	0	0	0	0	0	0
14973	2026-09-02 06:58:16	1	0	1	0	0	0	0	0	0
14134	2026-09-02 06:58:28	1	0	1	0	0	0	0	0	0
15010	2026-09-02 06:58:49	1	0	1	0	0	0	0	0	0
14105	2026-09-02 06:58:59	1	0	1	0	0	0	0	0	0
14128	2026-09-02 06:59:02	1	0	1	0	0	0	0	0	0
14960	2026-09-02 06:59:37	1	0	1	0	0	0	0	0	0
14968	2026-09-02 06:59:44	1	0	1	0	0	0	0	0	0
14965	2026-09-02 06:59:47	1	0	1	0	0	0	0	0	0
14983	2026-09-02 06:59:50	1	0	1	0	0	0	0	0	0
14941	2026-09-02 06:59:52	1	0	1	0	0	0	0	0	0
14119	2026-09-02 06:59:55	1	0	1	0	0	0	0	0	0
14117	2026-09-02 06:59:58	1	0	1	0	0	0	0	0	0
14123	2026-09-02 07:00:29	1	0	1	0	0	0	0	0	0
14116	2026-09-02 07:00:33	1	0	1	0	0	0	0	0	0
14947	2026-09-02 07:00:44	1	0	1	0	0	0	0	0	0
14132	2026-09-02 07:00:56	1	0	1	0	0	0	0	0	0
14108	2026-09-02 07:01:00	1	0	1	0	0	0	0	0	0
14127	2026-09-02 07:01:11	1	0	1	0	0	0	0	0	0
14133	2026-09-02 07:01:42	1	0	1	0	0	0	0	0	0
14975	2026-09-02 07:01:49	1	0	1	0	0	0	0	0	0
14990	2026-09-02 07:01:58	1	0	1	0	0	0	0	0	0
15030	2026-09-02 07:02:06	1	0	1	0	0	0	0	0	0
15004	2026-09-02 07:02:08	1	0	1	0	0	0	0	0	0
14136	2026-09-02 07:02:13	1	0	1	0	0	0	0	0	0
14118	2026-09-02 07:02:16	1	0	1	0	0	0	0	0	0
15014	2026-09-02 07:02:19	1	0	1	0	0	0	0	0	0
14122	2026-09-02 07:02:31	1	0	1	0	0	0	0	0	0
15003	2026-09-02 07:02:40	1	0	1	0	0	0	0	0	0
15013	2026-09-02 07:04:20	1	0	1	0	0	0	0	0	0
14996	2026-09-02 07:04:24	1	0	1	0	0	0	0	0	0
14989	2026-09-02 07:04:35	1	0	1	0	0	0	0	0	0
14121	2026-09-02 07:04:55	1	0	1	0	0	0	0	0	0
15021	2026-09-02 07:05:09	1	0	1	0	0	0	0	0	0
14937	2026-09-02 07:05:12	1	0	1	0	0	0	0	0	0
14124	2026-09-02 07:05:18	1	0	1	0	0	0	0	0	0
14959	2026-09-02 07:09:29	1	0	1	0	0	0	0	0	0
15024	2026-09-02 07:36:38	1	0	1	0	0	0	0	0	0
15019	2026-09-02 07:37:17	1	0	1	0	0	0	0	0	0
15029	2026-09-02 07:52:42	1	0	1	0	0	0	0	0	0
15024	2026-09-02 09:38:48	1	0	1	0	0	0	0	0	0
15018	2026-09-02 09:55:18	1	0	1	0	0	0	0	0	0
15007	2026-09-02 09:55:21	1	0	1	0	0	0	0	0	0
14955	2026-09-02 09:57:18	1	0	1	0	0	0	0	0	0
14946	2026-09-02 09:57:23	1	0	1	0	0	0	0	0	0
14989	2026-09-02 10:22:27	1	0	1	0	0	0	0	0	0
14940	2026-09-02 10:26:26	1	0	1	0	0	0	0	0	0
14995	2026-09-02 10:46:11	1	0	1	0	0	0	0	0	0
14985	2026-09-02 10:51:25	1	0	1	0	0	0	0	0	0
14984	2026-09-02 10:51:43	1	0	1	0	0	0	0	0	0
14970	2026-09-02 11:00:39	1	0	1	0	0	0	0	0	0
14968	2026-09-02 11:07:23	1	0	1	0	0	0	0	0	0
14937	2026-09-02 11:18:31	1	0	1	0	0	0	0	0	0
14939	2026-09-02 11:18:42	1	0	1	0	0	0	0	0	0
14959	2026-09-02 11:18:47	1	0	1	0	0	0	0	0	0
14968	2026-09-02 11:18:50	1	0	1	0	0	0	0	0	0
14941	2026-09-02 11:19:02	1	0	1	0	0	0	0	0	0
15029	2026-09-02 12:17:06	1	0	1	0	0	0	0	0	0
14555	2026-09-02 12:20:17	1	0	1	0	0	0	0	0	0
14558	2026-09-02 12:20:22	1	0	1	0	0	0	0	0	0
14544	2026-09-02 12:22:48	1	0	1	0	0	0	0	0	0
14547	2026-09-02 12:25:44	1	0	1	0	0	0	0	0	0
14557	2026-09-02 12:25:46	1	0	1	0	0	0	0	0	0
14518	2026-09-02 12:25:52	1	0	1	0	0	0	0	0	0
14559	2026-09-02 12:26:35	1	0	1	0	0	0	0	0	0
14575	2026-09-02 12:26:40	1	0	1	0	0	0	0	0	0
14562	2026-09-02 12:26:45	1	0	1	0	0	0	0	0	0
14516	2026-09-02 12:26:50	1	0	1	0	0	0	0	0	0
14574	2026-09-02 12:26:56	1	0	1	0	0	0	0	0	0
14545	2026-09-02 12:28:08	1	0	1	0	0	0	0	0	0
14577	2026-09-02 12:28:40	1	0	1	0	0	0	0	0	0
14576	2026-09-02 12:28:42	1	0	1	0	0	0	0	0	0
14550	2026-09-02 12:28:45	1	0	1	0	0	0	0	0	0
14539	2026-09-02 12:31:23	1	0	1	0	0	0	0	0	0
14566	2026-09-02 12:31:29	1	0	1	0	0	0	0	0	0
14543	2026-09-02 15:12:16	1	0	1	0	0	0	0	0	0
14948	2026-09-03 06:26:11	1	0	1	0	0	0	0	0	0
14938	2026-09-03 06:26:48	1	0	1	0	0	0	0	0	0
14942	2026-09-03 06:26:53	1	0	1	0	0	0	0	0	0
14985	2026-09-03 06:40:50	1	0	1	0	0	0	0	0	0
15024	2026-09-03 06:42:25	1	0	1	0	0	0	0	0	0
14983	2026-09-03 06:43:00	1	0	1	0	0	0	0	0	0
14950	2026-09-03 06:43:04	1	0	1	0	0	0	0	0	0
15009	2026-09-03 06:45:37	1	0	1	0	0	0	0	0	0
14940	2026-09-03 06:45:46	1	0	1	0	0	0	0	0	0
15026	2026-09-03 06:45:57	1	0	1	0	0	0	0	0	0
14974	2026-09-03 06:45:59	1	0	1	0	0	0	0	0	0
15011	2026-09-03 06:46:04	1	0	1	0	0	0	0	0	0
14945	2026-09-03 06:46:08	1	0	1	0	0	0	0	0	0
15025	2026-09-03 06:46:36	1	0	1	0	0	0	0	0	0
15022	2026-09-03 06:46:40	1	0	1	0	0	0	0	0	0
15007	2026-09-03 06:46:58	1	0	1	0	0	0	0	0	0
14953	2026-09-03 06:47:09	1	0	1	0	0	0	0	0	0
14943	2026-09-03 06:47:15	1	0	1	0	0	0	0	0	0
15024	2026-09-03 06:47:39	1	0	1	0	0	0	0	0	0
14961	2026-09-03 06:47:56	1	0	1	0	0	0	0	0	0
14955	2026-09-03 06:50:33	1	0	1	0	0	0	0	0	0
14970	2026-09-03 06:51:37	1	0	1	0	0	0	0	0	0
14969	2026-09-03 06:51:40	1	0	1	0	0	0	0	0	0
14979	2026-09-03 06:51:59	1	0	1	0	0	0	0	0	0
14976	2026-09-03 06:52:04	1	0	1	0	0	0	0	0	0
14988	2026-09-03 06:52:08	1	0	1	0	0	0	0	0	0
14995	2026-09-03 06:52:15	1	0	1	0	0	0	0	0	0
14980	2026-09-03 06:52:19	1	0	1	0	0	0	0	0	0
14991	2026-09-03 06:52:24	1	0	1	0	0	0	0	0	0
14944	2026-09-03 06:52:27	1	0	1	0	0	0	0	0	0
14946	2026-09-03 06:52:37	1	0	1	0	0	0	0	0	0
15002	2026-09-03 06:52:42	1	0	1	0	0	0	0	0	0
15029	2026-09-03 06:52:47	1	0	1	0	0	0	0	0	0
15005	2026-09-03 06:52:50	1	0	1	0	0	0	0	0	0
14941	2026-09-03 06:53:01	1	0	1	0	0	0	0	0	0
14964	2026-09-03 06:53:04	1	0	1	0	0	0	0	0	0
14949	2026-09-03 06:53:07	1	0	1	0	0	0	0	0	0
14973	2026-09-03 06:53:11	1	0	1	0	0	0	0	0	0
14966	2026-09-03 06:53:54	1	0	1	0	0	0	0	0	0
14997	2026-09-03 06:53:57	1	0	1	0	0	0	0	0	0
14986	2026-09-03 06:54:00	1	0	1	0	0	0	0	0	0
14998	2026-09-03 06:54:02	1	0	1	0	0	0	0	0	0
14978	2026-09-03 06:54:04	1	0	1	0	0	0	0	0	0
14993	2026-09-03 06:54:24	1	0	1	0	0	0	0	0	0
15030	2026-09-03 06:54:48	1	0	1	0	0	0	0	0	0
14129	2026-09-03 06:54:52	1	0	1	0	0	0	0	0	0
15000	2026-09-03 06:55:11	1	0	1	0	0	0	0	0	0
14967	2026-09-03 06:55:27	1	0	1	0	0	0	0	0	0
14939	2026-09-03 06:55:31	1	0	1	0	0	0	0	0	0
15019	2026-09-03 06:55:38	1	0	1	0	0	0	0	0	0
14960	2026-09-03 06:55:55	1	0	1	0	0	0	0	0	0
14968	2026-09-03 06:55:59	1	0	1	0	0	0	0	0	0
14109	2026-09-03 06:56:17	1	0	1	0	0	0	0	0	0
14117	2026-09-03 06:56:50	1	0	1	0	0	0	0	0	0
14134	2026-09-03 06:56:53	1	0	1	0	0	0	0	0	0
14982	2026-09-03 06:56:59	1	0	1	0	0	0	0	0	0
14128	2026-09-03 06:57:07	1	0	1	0	0	0	0	0	0
14965	2026-09-03 06:57:11	1	0	1	0	0	0	0	0	0
14111	2026-09-03 06:57:16	1	0	1	0	0	0	0	0	0
15016	2026-09-03 06:58:17	1	0	1	0	0	0	0	0	0
15010	2026-09-03 06:58:21	1	0	1	0	0	0	0	0	0
14971	2026-09-03 06:58:43	1	0	1	0	0	0	0	0	0
15018	2026-09-03 06:59:02	1	0	1	0	0	0	0	0	0
14977	2026-09-03 06:59:28	1	0	1	0	0	0	0	0	0
14108	2026-09-03 06:59:36	1	0	1	0	0	0	0	0	0
14105	2026-09-03 06:59:42	1	0	1	0	0	0	0	0	0
14119	2026-09-03 06:59:46	1	0	1	0	0	0	0	0	0
14124	2026-09-03 06:59:54	1	0	1	0	0	0	0	0	0
14132	2026-09-03 06:59:57	1	0	1	0	0	0	0	0	0
15014	2026-09-03 07:00:27	1	0	1	0	0	0	0	0	0
14133	2026-09-03 07:00:33	1	0	1	0	0	0	0	0	0
15003	2026-09-03 07:00:40	1	0	1	0	0	0	0	0	0
14947	2026-09-03 07:00:48	1	0	1	0	0	0	0	0	0
14975	2026-09-03 07:01:06	1	0	1	0	0	0	0	0	0
15013	2026-09-03 07:01:35	1	0	1	0	0	0	0	0	0
14123	2026-09-03 07:01:38	1	0	1	0	0	0	0	0	0
14996	2026-09-03 07:01:40	1	0	1	0	0	0	0	0	0
14984	2026-09-03 07:01:42	1	0	1	0	0	0	0	0	0
14116	2026-09-03 07:01:45	1	0	1	0	0	0	0	0	0
14990	2026-09-03 07:01:47	1	0	1	0	0	0	0	0	0
14106	2026-09-03 07:02:11	1	0	1	0	0	0	0	0	0
14136	2026-09-03 07:02:15	1	0	1	0	0	0	0	0	0
15021	2026-09-03 07:02:26	1	0	1	0	0	0	0	0	0
15028	2026-09-03 07:02:44	1	0	1	0	0	0	0	0	0
14981	2026-09-03 07:02:48	1	0	1	0	0	0	0	0	0
14127	2026-09-03 07:03:44	1	0	1	0	0	0	0	0	0
14121	2026-09-03 07:03:47	1	0	1	0	0	0	0	0	0
14989	2026-09-03 07:04:23	1	0	1	0	0	0	0	0	0
14122	2026-09-03 07:04:27	1	0	1	0	0	0	0	0	0
15020	2026-09-03 07:06:34	1	0	1	0	0	0	0	0	0
15006	2026-09-03 07:10:55	1	0	1	0	0	0	0	0	0
14959	2026-09-03 07:12:43	1	0	1	0	0	0	0	0	0
14118	2026-09-03 07:16:02	1	0	1	0	0	0	0	0	0
14120	2026-09-03 07:16:31	1	0	1	0	0	0	0	0	0
15026	2026-09-03 07:33:03	1	0	1	0	0	0	0	0	0
14970	2026-09-03 07:34:34	1	0	1	0	0	0	0	0	0
14984	2026-09-03 07:35:03	1	0	1	0	0	0	0	0	0
14985	2026-09-03 07:35:39	1	0	1	0	0	0	0	0	0
14980	2026-09-03 07:35:44	1	0	1	0	0	0	0	0	0
14946	2026-09-03 08:07:19	1	0	1	0	0	0	0	0	0
15029	2026-09-03 08:07:30	1	0	1	0	0	0	0	0	0
14959	2026-09-03 08:07:37	1	0	1	0	0	0	0	0	0
14951	2026-09-03 08:07:40	1	0	1	0	0	0	0	0	0
15018	2026-09-03 08:07:42	1	0	1	0	0	0	0	0	0
15006	2026-09-03 08:07:53	1	0	1	0	0	0	0	0	0
14965	2026-09-03 08:08:10	1	0	1	0	0	0	0	0	0
14964	2026-09-03 08:23:43	1	0	1	0	0	0	0	0	0
15018	2026-09-03 08:33:55	1	0	1	0	0	0	0	0	0
14997	2026-09-03 08:35:27	1	0	1	0	0	0	0	0	0
15018	2026-09-03 08:56:51	1	0	1	0	0	0	0	0	0
15019	2026-09-03 08:57:18	1	0	1	0	0	0	0	0	0
15006	2026-09-03 09:04:54	1	0	1	0	0	0	0	0	0
15004	2026-09-03 09:05:09	1	0	1	0	0	0	0	0	0
15026	2026-09-03 10:19:09	1	0	1	0	0	0	0	0	0
15018	2026-09-03 11:30:44	1	0	1	0	0	0	0	0	0
14981	2026-09-03 11:31:51	1	0	1	0	0	0	0	0	0
14970	2026-09-03 11:31:54	1	0	1	0	0	0	0	0	0
14970	2026-09-03 12:01:40	1	0	1	0	0	0	0	0	0
14981	2026-09-03 12:01:43	1	0	1	0	0	0	0	0	0
14575	2026-09-03 12:17:54	1	0	1	0	0	0	0	0	0
14545	2026-09-03 12:19:30	1	0	1	0	0	0	0	0	0
14559	2026-09-03 12:19:32	1	0	1	0	0	0	0	0	0
14557	2026-09-03 12:19:35	1	0	1	0	0	0	0	0	0
14549	2026-09-03 12:25:45	1	0	1	0	0	0	0	0	0
14562	2026-09-03 12:26:05	1	0	1	0	0	0	0	0	0
14574	2026-09-03 12:27:06	1	0	1	0	0	0	0	0	0
14576	2026-09-03 12:28:18	1	0	1	0	0	0	0	0	0
14550	2026-09-03 12:28:21	1	0	1	0	0	0	0	0	0
14518	2026-09-03 12:30:06	1	0	1	0	0	0	0	0	0
14541	2026-09-03 12:31:56	1	0	1	0	0	0	0	0	0
14539	2026-09-03 12:31:58	1	0	1	0	0	0	0	0	0
14543	2026-09-03 15:21:31	1	0	1	0	0	0	0	0	0
14942	2026-09-04 06:27:43	1	0	1	0	0	0	0	0	0
15025	2026-09-04 06:35:58	1	0	1	0	0	0	0	0	0
14948	2026-09-04 06:36:36	1	0	1	0	0	0	0	0	0
14995	2026-09-04 06:41:10	1	0	1	0	0	0	0	0	0
15011	2026-09-04 06:41:48	1	0	1	0	0	0	0	0	0
14969	2026-09-04 06:44:14	1	0	1	0	0	0	0	0	0
14983	2026-09-04 06:44:20	1	0	1	0	0	0	0	0	0
15007	2026-09-04 06:45:16	1	0	1	0	0	0	0	0	0
14945	2026-09-04 06:45:19	1	0	1	0	0	0	0	0	0
14988	2026-09-04 06:45:23	1	0	1	0	0	0	0	0	0
14961	2026-09-04 06:45:26	1	0	1	0	0	0	0	0	0
14985	2026-09-04 06:47:49	1	0	1	0	0	0	0	0	0
14974	2026-09-04 06:47:57	1	0	1	0	0	0	0	0	0
14950	2026-09-04 06:48:04	1	0	1	0	0	0	0	0	0
14943	2026-09-04 06:48:07	1	0	1	0	0	0	0	0	0
14940	2026-09-04 06:48:24	1	0	1	0	0	0	0	0	0
14980	2026-09-04 06:48:29	1	0	1	0	0	0	0	0	0
14993	2026-09-04 06:48:39	1	0	1	0	0	0	0	0	0
14991	2026-09-04 06:48:44	1	0	1	0	0	0	0	0	0
15029	2026-09-04 06:49:13	1	0	1	0	0	0	0	0	0
15002	2026-09-04 06:49:16	1	0	1	0	0	0	0	0	0
14944	2026-09-04 06:49:28	1	0	1	0	0	0	0	0	0
14946	2026-09-04 06:49:32	1	0	1	0	0	0	0	0	0
15024	2026-09-04 06:49:57	1	0	1	0	0	0	0	0	0
15026	2026-09-04 06:50:00	1	0	1	0	0	0	0	0	0
15022	2026-09-04 06:50:04	1	0	1	0	0	0	0	0	0
14941	2026-09-04 06:50:07	1	0	1	0	0	0	0	0	0
15021	2026-09-04 06:50:17	1	0	1	0	0	0	0	0	0
14125	2026-09-04 06:50:23	1	0	1	0	0	0	0	0	0
15009	2026-09-04 06:50:45	1	0	1	0	0	0	0	0	0
14955	2026-09-04 06:51:05	1	0	1	0	0	0	0	0	0
14953	2026-09-04 06:51:09	1	0	1	0	0	0	0	0	0
15005	2026-09-04 06:51:58	1	0	1	0	0	0	0	0	0
14979	2026-09-04 06:52:15	1	0	1	0	0	0	0	0	0
14997	2026-09-04 06:52:52	1	0	1	0	0	0	0	0	0
14949	2026-09-04 06:53:02	1	0	1	0	0	0	0	0	0
14964	2026-09-04 06:53:56	1	0	1	0	0	0	0	0	0
14976	2026-09-04 06:54:55	1	0	1	0	0	0	0	0	0
14996	2026-09-04 06:54:58	1	0	1	0	0	0	0	0	0
14998	2026-09-04 06:55:07	1	0	1	0	0	0	0	0	0
14986	2026-09-04 06:55:10	1	0	1	0	0	0	0	0	0
14978	2026-09-04 06:55:13	1	0	1	0	0	0	0	0	0
14123	2026-09-04 06:55:16	1	0	1	0	0	0	0	0	0
14118	2026-09-04 06:55:22	1	0	1	0	0	0	0	0	0
14937	2026-09-04 06:55:26	1	0	1	0	0	0	0	0	0
14947	2026-09-04 06:56:37	1	0	1	0	0	0	0	0	0
14939	2026-09-04 06:56:40	1	0	1	0	0	0	0	0	0
14982	2026-09-04 06:56:48	1	0	1	0	0	0	0	0	0
15000	2026-09-04 06:56:51	1	0	1	0	0	0	0	0	0
14134	2026-09-04 06:57:26	1	0	1	0	0	0	0	0	0
14109	2026-09-04 06:57:30	1	0	1	0	0	0	0	0	0
14971	2026-09-04 06:57:36	1	0	1	0	0	0	0	0	0
14970	2026-09-04 06:57:39	1	0	1	0	0	0	0	0	0
15028	2026-09-04 06:57:42	1	0	1	0	0	0	0	0	0
14981	2026-09-04 06:57:45	1	0	1	0	0	0	0	0	0
15016	2026-09-04 06:57:48	1	0	1	0	0	0	0	0	0
15019	2026-09-04 06:57:52	1	0	1	0	0	0	0	0	0
14129	2026-09-04 06:57:56	1	0	1	0	0	0	0	0	0
15030	2026-09-04 06:58:00	1	0	1	0	0	0	0	0	0
15010	2026-09-04 06:58:03	1	0	1	0	0	0	0	0	0
14960	2026-09-04 06:58:24	1	0	1	0	0	0	0	0	0
14968	2026-09-04 06:58:28	1	0	1	0	0	0	0	0	0
14967	2026-09-04 06:58:31	1	0	1	0	0	0	0	0	0
14973	2026-09-04 06:58:33	1	0	1	0	0	0	0	0	0
14130	2026-09-04 06:58:59	1	0	1	0	0	0	0	0	0
14951	2026-09-04 06:59:02	1	0	1	0	0	0	0	0	0
14117	2026-09-04 06:59:18	1	0	1	0	0	0	0	0	0
14119	2026-09-04 06:59:20	1	0	1	0	0	0	0	0	0
14108	2026-09-04 07:00:12	1	0	1	0	0	0	0	0	0
14105	2026-09-04 07:00:54	1	0	1	0	0	0	0	0	0
14110	2026-09-04 07:02:13	1	0	1	0	0	0	0	0	0
14106	2026-09-04 07:02:22	1	0	1	0	0	0	0	0	0
14111	2026-09-04 07:02:26	1	0	1	0	0	0	0	0	0
14112	2026-09-04 07:02:29	1	0	1	0	0	0	0	0	0
14124	2026-09-04 07:02:38	1	0	1	0	0	0	0	0	0
14984	2026-09-04 07:02:42	1	0	1	0	0	0	0	0	0
14122	2026-09-04 07:02:47	1	0	1	0	0	0	0	0	0
14127	2026-09-04 07:03:58	1	0	1	0	0	0	0	0	0
14975	2026-09-04 07:04:05	1	0	1	0	0	0	0	0	0
14990	2026-09-04 07:04:07	1	0	1	0	0	0	0	0	0
14977	2026-09-04 07:05:00	1	0	1	0	0	0	0	0	0
15021	2026-09-04 07:05:15	1	0	1	0	0	0	0	0	0
14136	2026-09-04 07:08:13	1	0	1	0	0	0	0	0	0
14959	2026-09-04 07:09:18	1	0	1	0	0	0	0	0	0
15003	2026-09-04 07:09:27	1	0	1	0	0	0	0	0	0
15014	2026-09-04 07:12:45	1	0	1	0	0	0	0	0	0
14989	2026-09-04 07:18:42	1	0	1	0	0	0	0	0	0
15018	2026-09-04 07:34:12	1	0	1	0	0	0	0	0	0
14968	2026-09-04 08:19:07	1	0	1	0	0	0	0	0	0
14947	2026-09-04 08:19:10	1	0	1	0	0	0	0	0	0
14955	2026-09-04 08:19:14	1	0	1	0	0	0	0	0	0
14942	2026-09-04 08:19:17	1	0	1	0	0	0	0	0	0
15024	2026-09-04 08:32:21	1	0	1	0	0	0	0	0	0
14948	2026-09-04 09:02:44	1	0	1	0	0	0	0	0	0
15020	2026-09-04 09:36:02	1	0	1	0	0	0	0	0	0
14941	2026-09-04 10:13:24	1	0	1	0	0	0	0	0	0
14937	2026-09-04 10:35:32	1	0	1	0	0	0	0	0	0
14941	2026-09-04 10:44:33	1	0	1	0	0	0	0	0	0
14941	2026-09-04 10:45:54	1	0	1	0	0	0	0	0	0
14965	2026-09-04 10:47:35	1	0	1	0	0	0	0	0	0
14963	2026-09-04 10:48:25	1	0	1	0	0	0	0	0	0
14960	2026-09-04 10:48:45	1	0	1	0	0	0	0	0	0
13743	2026-09-04 10:49:11	1	0	1	0	0	0	0	0	0
14941	2026-09-04 10:49:16	1	0	1	0	0	0	0	0	0
14963	2026-09-04 10:49:37	1	0	1	0	0	0	0	0	0
14960	2026-09-04 10:49:50	1	0	1	0	0	0	0	0	0
14941	2026-09-04 10:50:17	1	0	1	0	0	0	0	0	0
14937	2026-09-04 10:50:44	1	0	1	0	0	0	0	0	0
14937	2026-09-04 10:53:23	1	0	1	0	0	0	0	0	0
14959	2026-09-04 10:55:30	1	0	1	0	0	0	0	0	0
14955	2026-09-04 10:55:33	1	0	1	0	0	0	0	0	0
15005	2026-09-04 10:57:58	1	0	1	0	0	0	0	0	0
15021	2026-09-04 11:26:58	1	0	1	0	0	0	0	0	0
14575	2026-09-04 12:46:21	1	0	1	0	0	0	0	0	0
14557	2026-09-04 12:49:39	1	0	1	0	0	0	0	0	0
14566	2026-09-04 12:52:51	1	0	1	0	0	0	0	0	0
14559	2026-09-04 12:55:31	1	0	1	0	0	0	0	0	0
14577	2026-09-04 13:01:55	1	0	1	0	0	0	0	0	0
14540	2026-09-04 13:02:00	1	0	1	0	0	0	0	0	0
14537	2026-09-04 13:05:09	1	0	1	0	0	0	0	0	0
14574	2026-09-04 13:05:57	1	0	1	0	0	0	0	0	0
14518	2026-09-04 13:13:48	1	0	1	0	0	0	0	0	0
14516	2026-09-04 13:13:51	1	0	1	0	0	0	0	0	0
13977	2026-09-07 06:52:37	1	0	1	0	0	0	0	0	0
13971	2026-09-07 06:52:40	1	0	1	0	0	0	0	0	0
13973	2026-09-07 06:52:42	1	0	1	0	0	0	0	0	0
13970	2026-09-07 06:52:47	1	0	1	0	0	0	0	0	0
13993	2026-09-07 06:53:42	1	0	1	0	0	0	0	0	0
13992	2026-09-07 06:53:49	1	0	1	0	0	0	0	0	0
14021	2026-09-07 06:54:14	1	0	1	0	0	0	0	0	0
14000	2026-09-07 06:54:20	1	0	1	0	0	0	0	0	0
13966	2026-09-07 06:54:29	1	0	1	0	0	0	0	0	0
13998	2026-09-07 06:54:52	1	0	1	0	0	0	0	0	0
13990	2026-09-07 06:55:08	1	0	1	0	0	0	0	0	0
13997	2026-09-07 06:55:11	1	0	1	0	0	0	0	0	0
14002	2026-09-07 06:56:28	1	0	1	0	0	0	0	0	0
14011	2026-09-07 06:57:05	1	0	1	0	0	0	0	0	0
14030	2026-09-07 06:57:09	1	0	1	0	0	0	0	0	0
13968	2026-09-07 06:57:18	1	0	1	0	0	0	0	0	0
14134	2026-09-07 06:57:43	1	0	1	0	0	0	0	0	0
14125	2026-09-07 06:57:46	1	0	1	0	0	0	0	0	0
14112	2026-09-07 06:58:04	1	0	1	0	0	0	0	0	0
14110	2026-09-07 06:58:19	1	0	1	0	0	0	0	0	0
13991	2026-09-07 06:58:56	1	0	1	0	0	0	0	0	0
14018	2026-09-07 06:59:02	1	0	1	0	0	0	0	0	0
14004	2026-09-07 06:59:04	1	0	1	0	0	0	0	0	0
14017	2026-09-07 06:59:11	1	0	1	0	0	0	0	0	0
14133	2026-09-07 06:59:15	1	0	1	0	0	0	0	0	0
14007	2026-09-07 06:59:18	1	0	1	0	0	0	0	0	0
14006	2026-09-07 06:59:21	1	0	1	0	0	0	0	0	0
13989	2026-09-07 06:59:28	1	0	1	0	0	0	0	0	0
14114	2026-09-07 06:59:47	1	0	1	0	0	0	0	0	0
14120	2026-09-07 06:59:49	1	0	1	0	0	0	0	0	0
14117	2026-09-07 06:59:52	1	0	1	0	0	0	0	0	0
14108	2026-09-07 07:00:11	1	0	1	0	0	0	0	0	0
13980	2026-09-07 07:00:22	1	0	1	0	0	0	0	0	0
14119	2026-09-07 07:00:31	1	0	1	0	0	0	0	0	0
14128	2026-09-07 07:00:44	1	0	1	0	0	0	0	0	0
13984	2026-09-07 07:00:51	1	0	1	0	0	0	0	0	0
13972	2026-09-07 07:00:53	1	0	1	0	0	0	0	0	0
13996	2026-09-07 07:00:56	1	0	1	0	0	0	0	0	0
13969	2026-09-07 07:00:58	1	0	1	0	0	0	0	0	0
13967	2026-09-07 07:01:01	1	0	1	0	0	0	0	0	0
13983	2026-09-07 07:01:06	1	0	1	0	0	0	0	0	0
13976	2026-09-07 07:01:09	1	0	1	0	0	0	0	0	0
13999	2026-09-07 07:01:20	1	0	1	0	0	0	0	0	0
14016	2026-09-07 07:01:22	1	0	1	0	0	0	0	0	0
14015	2026-09-07 07:01:27	1	0	1	0	0	0	0	0	0
14132	2026-09-07 07:01:59	1	0	1	0	0	0	0	0	0
13981	2026-09-07 07:02:28	1	0	1	0	0	0	0	0	0
14118	2026-09-07 07:02:39	1	0	1	0	0	0	0	0	0
14121	2026-09-07 07:02:43	1	0	1	0	0	0	0	0	0
14122	2026-09-07 07:02:46	1	0	1	0	0	0	0	0	0
13995	2026-09-07 07:02:48	1	0	1	0	0	0	0	0	0
13987	2026-09-07 07:02:51	1	0	1	0	0	0	0	0	0
14111	2026-09-07 07:03:34	1	0	1	0	0	0	0	0	0
13974	2026-09-07 07:03:54	1	0	1	0	0	0	0	0	0
14033	2026-09-07 07:04:53	1	0	1	0	0	0	0	0	0
14450	2026-09-07 07:05:46	1	0	1	0	0	0	0	0	0
14448	2026-09-07 07:05:49	1	0	1	0	0	0	0	0	0
14449	2026-09-07 07:06:03	1	0	1	0	0	0	0	0	0
14452	2026-09-07 07:06:06	1	0	1	0	0	0	0	0	0
14451	2026-09-07 07:06:17	1	0	1	0	0	0	0	0	0
14124	2026-09-07 07:06:49	1	0	1	0	0	0	0	0	0
14127	2026-09-07 07:06:52	1	0	1	0	0	0	0	0	0
14106	2026-09-07 07:06:57	1	0	1	0	0	0	0	0	0
14012	2026-09-07 07:07:12	1	0	1	0	0	0	0	0	0
14136	2026-09-07 07:10:08	1	0	1	0	0	0	0	0	0
14109	2026-09-07 08:11:09	1	0	1	0	0	0	0	0	0
13970	2026-09-07 11:34:00	1	0	1	0	0	0	0	0	0
14511	2026-09-07 12:06:12	1	0	1	0	0	0	0	0	0
14128	2026-09-07 12:08:21	1	0	1	0	0	0	0	0	0
14454	2026-09-07 12:13:12	1	0	1	0	0	0	0	0	0
14474	2026-09-07 12:13:17	1	0	1	0	0	0	0	0	0
14601	2026-09-07 12:14:00	1	0	1	0	0	0	0	0	0
14582	2026-09-07 12:14:08	1	0	1	0	0	0	0	0	0
14604	2026-09-07 12:14:11	1	0	1	0	0	0	0	0	0
14131	2026-09-07 12:14:14	1	0	1	0	0	0	0	0	0
14588	2026-09-07 12:14:17	1	0	1	0	0	0	0	0	0
14462	2026-09-07 12:14:40	1	0	1	0	0	0	0	0	0
14466	2026-09-07 12:18:23	1	0	1	0	0	0	0	0	0
14507	2026-09-07 12:18:31	1	0	1	0	0	0	0	0	0
14581	2026-09-07 12:18:41	1	0	1	0	0	0	0	0	0
14463	2026-09-07 12:19:25	1	0	1	0	0	0	0	0	0
14594	2026-09-07 12:19:41	1	0	1	0	0	0	0	0	0
14595	2026-09-07 12:19:50	1	0	1	0	0	0	0	0	0
14491	2026-09-07 12:20:17	1	0	1	0	0	0	0	0	0
14469	2026-09-07 12:20:22	1	0	1	0	0	0	0	0	0
14584	2026-09-07 12:21:20	1	0	1	0	0	0	0	0	0
14473	2026-09-07 12:21:30	1	0	1	0	0	0	0	0	0
14598	2026-09-07 12:22:48	1	0	1	0	0	0	0	0	0
14602	2026-09-07 12:22:51	1	0	1	0	0	0	0	0	0
14468	2026-09-07 12:26:59	1	0	1	0	0	0	0	0	0
14461	2026-09-07 12:27:02	1	0	1	0	0	0	0	0	0
14453	2026-09-07 12:27:06	1	0	1	0	0	0	0	0	0
14492	2026-09-07 12:27:59	1	0	1	0	0	0	0	0	0
14593	2026-09-07 12:28:42	1	0	1	0	0	0	0	0	0
14606	2026-09-07 12:29:41	1	0	1	0	0	0	0	0	0
14607	2026-09-07 12:29:45	1	0	1	0	0	0	0	0	0
14605	2026-09-07 12:29:47	1	0	1	0	0	0	0	0	0
14603	2026-09-07 12:29:59	1	0	1	0	0	0	0	0	0
14512	2026-09-07 12:30:02	1	0	1	0	0	0	0	0	0
14487	2026-09-07 12:30:04	1	0	1	0	0	0	0	0	0
14498	2026-09-07 12:30:37	1	0	1	0	0	0	0	0	0
14484	2026-09-07 12:30:39	1	0	1	0	0	0	0	0	0
14509	2026-09-07 12:30:44	1	0	1	0	0	0	0	0	0
14592	2026-09-07 12:30:46	1	0	1	0	0	0	0	0	0
14470	2026-09-07 12:30:56	1	0	1	0	0	0	0	0	0
14579	2026-09-07 12:31:18	1	0	1	0	0	0	0	0	0
14599	2026-09-07 12:31:22	1	0	1	0	0	0	0	0	0
14500	2026-09-07 12:31:48	1	0	1	0	0	0	0	0	0
14496	2026-09-07 12:32:00	1	0	1	0	0	0	0	0	0
14459	2026-09-07 12:32:18	1	0	1	0	0	0	0	0	0
14493	2026-09-07 12:32:27	1	0	1	0	0	0	0	0	0
14457	2026-09-07 12:32:32	1	0	1	0	0	0	0	0	0
14591	2026-09-07 12:32:40	1	0	1	0	0	0	0	0	0
14486	2026-09-07 12:32:51	1	0	1	0	0	0	0	0	0
14456	2026-09-07 12:33:39	1	0	1	0	0	0	0	0	0
14464	2026-09-07 12:33:42	1	0	1	0	0	0	0	0	0
14476	2026-09-07 14:32:46	1	0	1	0	0	0	0	0	0
14490	2026-09-07 15:20:33	1	0	1	0	0	0	0	0	0
14592	2026-09-07 16:45:17	1	0	1	0	0	0	0	0	0
14464	2026-09-07 16:47:00	1	0	1	0	0	0	0	0	0
13977	2026-09-08 06:46:29	1	0	1	0	0	0	0	0	0
14023	2026-09-08 06:48:56	1	0	1	0	0	0	0	0	0
13971	2026-09-08 06:51:09	1	0	1	0	0	0	0	0	0
13992	2026-09-08 06:52:28	1	0	1	0	0	0	0	0	0
13973	2026-09-08 06:52:30	1	0	1	0	0	0	0	0	0
13993	2026-09-08 06:52:32	1	0	1	0	0	0	0	0	0
13970	2026-09-08 06:53:17	1	0	1	0	0	0	0	0	0
13990	2026-09-08 06:53:21	1	0	1	0	0	0	0	0	0
13968	2026-09-08 06:53:25	1	0	1	0	0	0	0	0	0
13966	2026-09-08 06:54:34	1	0	1	0	0	0	0	0	0
13978	2026-09-08 06:54:37	1	0	1	0	0	0	0	0	0
13997	2026-09-08 06:54:57	1	0	1	0	0	0	0	0	0
14015	2026-09-08 06:55:32	1	0	1	0	0	0	0	0	0
14002	2026-09-08 06:55:34	1	0	1	0	0	0	0	0	0
13976	2026-09-08 06:56:03	1	0	1	0	0	0	0	0	0
13991	2026-09-08 06:56:09	1	0	1	0	0	0	0	0	0
14006	2026-09-08 06:56:28	1	0	1	0	0	0	0	0	0
14030	2026-09-08 06:56:31	1	0	1	0	0	0	0	0	0
13998	2026-09-08 06:58:17	1	0	1	0	0	0	0	0	0
13965	2026-09-08 06:58:49	1	0	1	0	0	0	0	0	0
14018	2026-09-08 06:59:02	1	0	1	0	0	0	0	0	0
13967	2026-09-08 06:59:07	1	0	1	0	0	0	0	0	0
14007	2026-09-08 06:59:22	1	0	1	0	0	0	0	0	0
13983	2026-09-08 06:59:38	1	0	1	0	0	0	0	0	0
13999	2026-09-08 06:59:51	1	0	1	0	0	0	0	0	0
13980	2026-09-08 06:59:57	1	0	1	0	0	0	0	0	0
14021	2026-09-08 07:00:54	1	0	1	0	0	0	0	0	0
14004	2026-09-08 07:01:51	1	0	1	0	0	0	0	0	0
13996	2026-09-08 07:02:18	1	0	1	0	0	0	0	0	0
13969	2026-09-08 07:02:24	1	0	1	0	0	0	0	0	0
13984	2026-09-08 07:02:51	1	0	1	0	0	0	0	0	0
13974	2026-09-08 07:02:54	1	0	1	0	0	0	0	0	0
14012	2026-09-08 07:03:00	1	0	1	0	0	0	0	0	0
13981	2026-09-08 07:03:13	1	0	1	0	0	0	0	0	0
13972	2026-09-08 07:03:17	1	0	1	0	0	0	0	0	0
13986	2026-09-08 07:04:50	1	0	1	0	0	0	0	0	0
14014	2026-09-08 07:06:12	1	0	1	0	0	0	0	0	0
14005	2026-09-08 07:06:17	1	0	1	0	0	0	0	0	0
14585	2026-09-08 12:05:58	1	0	1	0	0	0	0	0	0
14604	2026-09-08 12:06:05	1	0	1	0	0	0	0	0	0
14587	2026-09-08 12:06:13	1	0	1	0	0	0	0	0	0
14595	2026-09-08 12:13:51	1	0	1	0	0	0	0	0	0
14579	2026-09-08 12:13:57	1	0	1	0	0	0	0	0	0
14598	2026-09-08 12:14:00	1	0	1	0	0	0	0	0	0
14453	2026-09-08 12:14:43	1	0	1	0	0	0	0	0	0
14463	2026-09-08 12:14:51	1	0	1	0	0	0	0	0	0
14502	2026-09-08 12:15:39	1	0	1	0	0	0	0	0	0
14508	2026-09-08 12:15:43	1	0	1	0	0	0	0	0	0
14491	2026-09-08 12:15:46	1	0	1	0	0	0	0	0	0
14466	2026-09-08 12:16:58	1	0	1	0	0	0	0	0	0
14474	2026-09-08 12:17:01	1	0	1	0	0	0	0	0	0
14487	2026-09-08 12:17:42	1	0	1	0	0	0	0	0	0
14467	2026-09-08 12:17:53	1	0	1	0	0	0	0	0	0
14602	2026-09-08 12:18:01	1	0	1	0	0	0	0	0	0
14495	2026-09-08 12:18:05	1	0	1	0	0	0	0	0	0
14464	2026-09-08 12:18:48	1	0	1	0	0	0	0	0	0
14584	2026-09-08 12:19:20	1	0	1	0	0	0	0	0	0
14469	2026-09-08 12:22:28	1	0	1	0	0	0	0	0	0
14603	2026-09-08 12:24:00	1	0	1	0	0	0	0	0	0
14462	2026-09-08 12:24:04	1	0	1	0	0	0	0	0	0
14511	2026-09-08 12:25:14	1	0	1	0	0	0	0	0	0
14593	2026-09-08 12:26:04	1	0	1	0	0	0	0	0	0
14488	2026-09-08 12:26:09	1	0	1	0	0	0	0	0	0
14492	2026-09-08 12:28:24	1	0	1	0	0	0	0	0	0
14601	2026-09-08 12:29:03	1	0	1	0	0	0	0	0	0
14578	2026-09-08 12:29:06	1	0	1	0	0	0	0	0	0
14581	2026-09-08 12:29:08	1	0	1	0	0	0	0	0	0
14594	2026-09-08 12:29:15	1	0	1	0	0	0	0	0	0
14482	2026-09-08 12:29:27	1	0	1	0	0	0	0	0	0
14498	2026-09-08 12:30:05	1	0	1	0	0	0	0	0	0
14509	2026-09-08 12:30:07	1	0	1	0	0	0	0	0	0
14512	2026-09-08 12:30:10	1	0	1	0	0	0	0	0	0
14580	2026-09-08 12:30:14	1	0	1	0	0	0	0	0	0
14008	2026-09-08 12:30:37	1	0	1	0	0	0	0	0	0
14592	2026-09-08 12:30:48	1	0	1	0	0	0	0	0	0
14473	2026-09-08 12:30:52	1	0	1	0	0	0	0	0	0
14131	2026-09-08 12:31:01	1	0	1	0	0	0	0	0	0
14605	2026-09-08 12:31:43	1	0	1	0	0	0	0	0	0
14606	2026-09-08 12:32:32	1	0	1	0	0	0	0	0	0
14607	2026-09-08 12:32:39	1	0	1	0	0	0	0	0	0
14504	2026-09-08 12:33:10	1	0	1	0	0	0	0	0	0
14496	2026-09-08 12:33:12	1	0	1	0	0	0	0	0	0
14490	2026-09-08 12:33:17	1	0	1	0	0	0	0	0	0
14470	2026-09-08 12:33:21	1	0	1	0	0	0	0	0	0
14500	2026-09-08 12:33:27	1	0	1	0	0	0	0	0	0
14494	2026-09-08 12:33:36	1	0	1	0	0	0	0	0	0
14450	2026-09-08 12:33:40	1	0	1	0	0	0	0	0	0
14459	2026-09-08 12:33:48	1	0	1	0	0	0	0	0	0
14589	2026-09-08 12:33:51	1	0	1	0	0	0	0	0	0
14449	2026-09-08 12:33:57	1	0	1	0	0	0	0	0	0
14484	2026-09-08 12:34:25	1	0	1	0	0	0	0	0	0
14599	2026-09-08 12:34:31	1	0	1	0	0	0	0	0	0
14486	2026-09-08 12:37:43	1	0	1	0	0	0	0	0	0
14591	2026-09-08 12:37:53	1	0	1	0	0	0	0	0	0
14500	2026-09-08 12:55:41	1	0	1	0	0	0	0	0	0
14473	2026-09-08 16:57:20	1	0	1	0	0	0	0	0	0
13974	2026-09-09 06:51:26	1	0	1	0	0	0	0	0	0
13970	2026-09-09 06:52:22	1	0	1	0	0	0	0	0	0
14023	2026-09-09 06:52:27	1	0	1	0	0	0	0	0	0
13976	2026-09-09 06:52:33	1	0	1	0	0	0	0	0	0
14926	2026-09-09 06:52:38	1	0	1	0	0	0	0	0	0
14905	2026-09-09 06:52:42	1	0	1	0	0	0	0	0	0
13977	2026-09-09 06:53:11	1	0	1	0	0	0	0	0	0
13973	2026-09-09 06:53:14	1	0	1	0	0	0	0	0	0
14885	2026-09-09 06:53:24	1	0	1	0	0	0	0	0	0
14912	2026-09-09 06:53:37	1	0	1	0	0	0	0	0	0
13998	2026-09-09 06:53:40	1	0	1	0	0	0	0	0	0
14919	2026-09-09 06:53:43	1	0	1	0	0	0	0	0	0
14897	2026-09-09 06:53:46	1	0	1	0	0	0	0	0	0
14933	2026-09-09 06:54:09	1	0	1	0	0	0	0	0	0
13971	2026-09-09 06:54:13	1	0	1	0	0	0	0	0	0
13993	2026-09-09 06:54:50	1	0	1	0	0	0	0	0	0
14917	2026-09-09 06:55:02	1	0	1	0	0	0	0	0	0
14906	2026-09-09 06:55:06	1	0	1	0	0	0	0	0	0
14011	2026-09-09 06:56:09	1	0	1	0	0	0	0	0	0
14030	2026-09-09 06:56:11	1	0	1	0	0	0	0	0	0
13984	2026-09-09 06:56:41	1	0	1	0	0	0	0	0	0
13995	2026-09-09 06:56:47	1	0	1	0	0	0	0	0	0
13980	2026-09-09 06:56:49	1	0	1	0	0	0	0	0	0
14880	2026-09-09 06:56:54	1	0	1	0	0	0	0	0	0
14881	2026-09-09 06:56:56	1	0	1	0	0	0	0	0	0
14900	2026-09-09 06:56:59	1	0	1	0	0	0	0	0	0
14002	2026-09-09 06:57:02	1	0	1	0	0	0	0	0	0
14892	2026-09-09 06:57:05	1	0	1	0	0	0	0	0	0
14876	2026-09-09 06:57:15	1	0	1	0	0	0	0	0	0
14883	2026-09-09 06:57:18	1	0	1	0	0	0	0	0	0
13978	2026-09-09 06:57:21	1	0	1	0	0	0	0	0	0
13996	2026-09-09 06:57:24	1	0	1	0	0	0	0	0	0
13969	2026-09-09 06:57:26	1	0	1	0	0	0	0	0	0
13983	2026-09-09 06:58:27	1	0	1	0	0	0	0	0	0
13967	2026-09-09 06:58:29	1	0	1	0	0	0	0	0	0
14018	2026-09-09 06:58:45	1	0	1	0	0	0	0	0	0
14007	2026-09-09 06:59:49	1	0	1	0	0	0	0	0	0
13992	2026-09-09 07:00:17	1	0	1	0	0	0	0	0	0
13966	2026-09-09 07:00:28	1	0	1	0	0	0	0	0	0
13965	2026-09-09 07:00:33	1	0	1	0	0	0	0	0	0
13987	2026-09-09 07:00:36	1	0	1	0	0	0	0	0	0
13968	2026-09-09 07:00:38	1	0	1	0	0	0	0	0	0
13990	2026-09-09 07:00:41	1	0	1	0	0	0	0	0	0
14006	2026-09-09 07:00:53	1	0	1	0	0	0	0	0	0
14031	2026-09-09 07:02:22	1	0	1	0	0	0	0	0	0
13999	2026-09-09 07:02:54	1	0	1	0	0	0	0	0	0
14012	2026-09-09 07:03:02	1	0	1	0	0	0	0	0	0
13989	2026-09-09 07:03:11	1	0	1	0	0	0	0	0	0
14873	2026-09-09 07:03:17	1	0	1	0	0	0	0	0	0
13981	2026-09-09 07:03:22	1	0	1	0	0	0	0	0	0
13986	2026-09-09 07:03:26	1	0	1	0	0	0	0	0	0
14004	2026-09-09 07:03:29	1	0	1	0	0	0	0	0	0
13991	2026-09-09 07:03:32	1	0	1	0	0	0	0	0	0
14015	2026-09-09 07:03:36	1	0	1	0	0	0	0	0	0
14463	2026-09-09 07:03:40	1	0	1	0	0	0	0	0	0
14009	2026-09-09 07:03:45	1	0	1	0	0	0	0	0	0
14029	2026-09-09 07:03:48	1	0	1	0	0	0	0	0	0
14005	2026-09-09 07:03:52	1	0	1	0	0	0	0	0	0
14014	2026-09-09 07:06:01	1	0	1	0	0	0	0	0	0
14918	2026-09-09 07:35:48	1	0	1	0	0	0	0	0	0
14925	2026-09-09 07:35:50	1	0	1	0	0	0	0	0	0
14923	2026-09-09 07:35:52	1	0	1	0	0	0	0	0	0
14908	2026-09-09 07:35:55	1	0	1	0	0	0	0	0	0
14921	2026-09-09 07:36:01	1	0	1	0	0	0	0	0	0
14931	2026-09-09 07:36:05	1	0	1	0	0	0	0	0	0
14891	2026-09-09 08:18:11	1	0	1	0	0	0	0	0	0
14890	2026-09-09 08:18:16	1	0	1	0	0	0	0	0	0
14895	2026-09-09 08:24:11	1	0	1	0	0	0	0	0	0
14903	2026-09-09 08:24:21	1	0	1	0	0	0	0	0	0
14882	2026-09-09 08:24:24	1	0	1	0	0	0	0	0	0
14894	2026-09-09 08:24:27	1	0	1	0	0	0	0	0	0
14898	2026-09-09 08:37:15	1	0	1	0	0	0	0	0	0
14936	2026-09-09 08:38:26	1	0	1	0	0	0	0	0	0
14922	2026-09-09 08:38:29	1	0	1	0	0	0	0	0	0
14927	2026-09-09 08:38:43	1	0	1	0	0	0	0	0	0
14924	2026-09-09 08:38:47	1	0	1	0	0	0	0	0	0
14879	2026-09-09 09:19:36	1	0	1	0	0	0	0	0	0
14874	2026-09-09 09:19:42	1	0	1	0	0	0	0	0	0
14901	2026-09-09 10:30:35	1	0	1	0	0	0	0	0	0
14902	2026-09-09 10:30:37	1	0	1	0	0	0	0	0	0
14907	2026-09-09 10:35:04	1	0	1	0	0	0	0	0	0
14891	2026-09-09 10:42:46	1	0	1	0	0	0	0	0	0
14899	2026-09-09 10:42:53	1	0	1	0	0	0	0	0	0
14906	2026-09-09 10:54:56	1	0	1	0	0	0	0	0	0
14893	2026-09-09 11:02:41	1	0	1	0	0	0	0	0	0
14585	2026-09-09 12:14:38	1	0	1	0	0	0	0	0	0
14587	2026-09-09 12:14:43	1	0	1	0	0	0	0	0	0
14594	2026-09-09 12:14:49	1	0	1	0	0	0	0	0	0
14588	2026-09-09 12:14:56	1	0	1	0	0	0	0	0	0
14508	2026-09-09 12:17:37	1	0	1	0	0	0	0	0	0
14458	2026-09-09 12:19:34	1	0	1	0	0	0	0	0	0
14495	2026-09-09 12:19:39	1	0	1	0	0	0	0	0	0
14579	2026-09-09 12:19:43	1	0	1	0	0	0	0	0	0
14598	2026-09-09 12:19:49	1	0	1	0	0	0	0	0	0
14462	2026-09-09 12:20:02	1	0	1	0	0	0	0	0	0
14491	2026-09-09 12:20:05	1	0	1	0	0	0	0	0	0
14595	2026-09-09 12:20:08	1	0	1	0	0	0	0	0	0
14466	2026-09-09 12:20:11	1	0	1	0	0	0	0	0	0
14469	2026-09-09 12:20:18	1	0	1	0	0	0	0	0	0
14474	2026-09-09 12:20:34	1	0	1	0	0	0	0	0	0
14581	2026-09-09 12:20:41	1	0	1	0	0	0	0	0	0
14602	2026-09-09 12:21:08	1	0	1	0	0	0	0	0	0
14603	2026-09-09 12:21:20	1	0	1	0	0	0	0	0	0
14604	2026-09-09 12:21:24	1	0	1	0	0	0	0	0	0
14592	2026-09-09 12:21:29	1	0	1	0	0	0	0	0	0
14450	2026-09-09 12:22:09	1	0	1	0	0	0	0	0	0
14455	2026-09-09 12:22:12	1	0	1	0	0	0	0	0	0
14459	2026-09-09 12:22:17	1	0	1	0	0	0	0	0	0
14473	2026-09-09 12:22:26	1	0	1	0	0	0	0	0	0
14584	2026-09-09 12:22:45	1	0	1	0	0	0	0	0	0
14456	2026-09-09 12:23:49	1	0	1	0	0	0	0	0	0
14593	2026-09-09 12:28:11	1	0	1	0	0	0	0	0	0
14453	2026-09-09 12:28:14	1	0	1	0	0	0	0	0	0
14449	2026-09-09 12:28:32	1	0	1	0	0	0	0	0	0
14448	2026-09-09 12:28:35	1	0	1	0	0	0	0	0	0
14488	2026-09-09 12:29:07	1	0	1	0	0	0	0	0	0
14578	2026-09-09 12:29:10	1	0	1	0	0	0	0	0	0
14605	2026-09-09 12:29:54	1	0	1	0	0	0	0	0	0
14607	2026-09-09 12:30:00	1	0	1	0	0	0	0	0	0
14131	2026-09-09 12:30:02	1	0	1	0	0	0	0	0	0
14591	2026-09-09 12:30:07	1	0	1	0	0	0	0	0	0
14507	2026-09-09 12:30:22	1	0	1	0	0	0	0	0	0
14589	2026-09-09 12:30:35	1	0	1	0	0	0	0	0	0
14471	2026-09-09 12:30:38	1	0	1	0	0	0	0	0	0
14451	2026-09-09 12:30:47	1	0	1	0	0	0	0	0	0
14509	2026-09-09 12:30:53	1	0	1	0	0	0	0	0	0
14452	2026-09-09 12:32:22	1	0	1	0	0	0	0	0	0
14500	2026-09-09 12:33:01	1	0	1	0	0	0	0	0	0
14496	2026-09-09 12:33:05	1	0	1	0	0	0	0	0	0
14484	2026-09-09 12:33:16	1	0	1	0	0	0	0	0	0
14498	2026-09-09 12:33:18	1	0	1	0	0	0	0	0	0
14599	2026-09-09 12:33:22	1	0	1	0	0	0	0	0	0
14606	2026-09-09 12:33:25	1	0	1	0	0	0	0	0	0
14486	2026-09-09 12:33:37	1	0	1	0	0	0	0	0	0
14493	2026-09-09 12:34:49	1	0	1	0	0	0	0	0	0
14470	2026-09-09 12:39:18	1	0	1	0	0	0	0	0	0
14464	2026-09-09 13:05:33	1	0	1	0	0	0	0	0	0
14467	2026-09-09 14:54:40	1	0	1	0	0	0	0	0	0
14500	2026-09-09 15:16:03	1	0	1	0	0	0	0	0	0
13971	2026-09-10 06:39:56	1	0	1	0	0	0	0	0	0
13973	2026-09-10 06:40:34	1	0	1	0	0	0	0	0	0
14912	2026-09-10 06:40:39	1	0	1	0	0	0	0	0	0
14910	2026-09-10 06:41:57	1	0	1	0	0	0	0	0	0
14932	2026-09-10 06:41:59	1	0	1	0	0	0	0	0	0
13977	2026-09-10 06:42:02	1	0	1	0	0	0	0	0	0
14908	2026-09-10 06:42:08	1	0	1	0	0	0	0	0	0
13993	2026-09-10 06:50:01	1	0	1	0	0	0	0	0	0
14936	2026-09-10 06:50:34	1	0	1	0	0	0	0	0	0
14934	2026-09-10 06:50:40	1	0	1	0	0	0	0	0	0
14920	2026-09-10 06:50:45	1	0	1	0	0	0	0	0	0
14918	2026-09-10 06:50:56	1	0	1	0	0	0	0	0	0
14004	2026-09-10 06:52:58	1	0	1	0	0	0	0	0	0
14926	2026-09-10 06:53:27	1	0	1	0	0	0	0	0	0
14905	2026-09-10 06:53:34	1	0	1	0	0	0	0	0	0
13997	2026-09-10 06:54:05	1	0	1	0	0	0	0	0	0
14927	2026-09-10 06:55:16	1	0	1	0	0	0	0	0	0
14900	2026-09-10 06:55:23	1	0	1	0	0	0	0	0	0
14906	2026-09-10 06:55:25	1	0	1	0	0	0	0	0	0
14890	2026-09-10 06:55:31	1	0	1	0	0	0	0	0	0
13970	2026-09-10 06:55:45	1	0	1	0	0	0	0	0	0
14924	2026-09-10 06:55:48	1	0	1	0	0	0	0	0	0
13990	2026-09-10 06:55:54	1	0	1	0	0	0	0	0	0
13968	2026-09-10 06:55:57	1	0	1	0	0	0	0	0	0
13976	2026-09-10 06:56:04	1	0	1	0	0	0	0	0	0
14030	2026-09-10 06:56:10	1	0	1	0	0	0	0	0	0
14011	2026-09-10 06:56:16	1	0	1	0	0	0	0	0	0
14917	2026-09-10 06:56:20	1	0	1	0	0	0	0	0	0
14002	2026-09-10 06:56:27	1	0	1	0	0	0	0	0	0
13991	2026-09-10 06:57:21	1	0	1	0	0	0	0	0	0
14021	2026-09-10 06:58:13	1	0	1	0	0	0	0	0	0
13983	2026-09-10 06:58:32	1	0	1	0	0	0	0	0	0
13992	2026-09-10 06:58:41	1	0	1	0	0	0	0	0	0
13965	2026-09-10 06:58:44	1	0	1	0	0	0	0	0	0
13980	2026-09-10 06:58:47	1	0	1	0	0	0	0	0	0
13989	2026-09-10 06:58:56	1	0	1	0	0	0	0	0	0
13978	2026-09-10 06:58:58	1	0	1	0	0	0	0	0	0
14007	2026-09-10 06:59:05	1	0	1	0	0	0	0	0	0
13972	2026-09-10 06:59:07	1	0	1	0	0	0	0	0	0
13967	2026-09-10 06:59:11	1	0	1	0	0	0	0	0	0
14006	2026-09-10 06:59:16	1	0	1	0	0	0	0	0	0
13996	2026-09-10 06:59:19	1	0	1	0	0	0	0	0	0
13969	2026-09-10 06:59:23	1	0	1	0	0	0	0	0	0
13987	2026-09-10 06:59:26	1	0	1	0	0	0	0	0	0
13986	2026-09-10 06:59:29	1	0	1	0	0	0	0	0	0
14933	2026-09-10 06:59:38	1	0	1	0	0	0	0	0	0
13974	2026-09-10 06:59:41	1	0	1	0	0	0	0	0	0
14892	2026-09-10 07:00:42	1	0	1	0	0	0	0	0	0
14883	2026-09-10 07:00:45	1	0	1	0	0	0	0	0	0
14874	2026-09-10 07:00:49	1	0	1	0	0	0	0	0	0
14018	2026-09-10 07:00:53	1	0	1	0	0	0	0	0	0
14873	2026-09-10 07:01:43	1	0	1	0	0	0	0	0	0
13995	2026-09-10 07:02:33	1	0	1	0	0	0	0	0	0
14468	2026-09-10 07:03:15	1	0	1	0	0	0	0	0	0
14466	2026-09-10 07:03:21	1	0	1	0	0	0	0	0	0
14467	2026-09-10 07:03:28	1	0	1	0	0	0	0	0	0
14012	2026-09-10 07:03:57	1	0	1	0	0	0	0	0	0
14921	2026-09-10 07:04:07	1	0	1	0	0	0	0	0	0
14009	2026-09-10 07:04:14	1	0	1	0	0	0	0	0	0
14033	2026-09-10 07:04:19	1	0	1	0	0	0	0	0	0
14016	2026-09-10 07:04:22	1	0	1	0	0	0	0	0	0
14909	2026-09-10 07:04:28	1	0	1	0	0	0	0	0	0
14929	2026-09-10 07:04:43	1	0	1	0	0	0	0	0	0
14015	2026-09-10 07:05:03	1	0	1	0	0	0	0	0	0
14005	2026-09-10 07:05:34	1	0	1	0	0	0	0	0	0
13981	2026-09-10 07:05:36	1	0	1	0	0	0	0	0	0
14014	2026-09-10 07:05:53	1	0	1	0	0	0	0	0	0
14464	2026-09-10 07:07:08	1	0	1	0	0	0	0	0	0
13999	2026-09-10 07:08:07	1	0	1	0	0	0	0	0	0
14895	2026-09-10 07:33:21	1	0	1	0	0	0	0	0	0
14872	2026-09-10 07:33:27	1	0	1	0	0	0	0	0	0
14881	2026-09-10 07:33:30	1	0	1	0	0	0	0	0	0
14891	2026-09-10 07:33:38	1	0	1	0	0	0	0	0	0
14882	2026-09-10 07:33:43	1	0	1	0	0	0	0	0	0
14878	2026-09-10 07:33:47	1	0	1	0	0	0	0	0	0
14875	2026-09-10 07:33:49	1	0	1	0	0	0	0	0	0
14901	2026-09-10 07:34:29	1	0	1	0	0	0	0	0	0
14903	2026-09-10 07:34:34	1	0	1	0	0	0	0	0	0
14885	2026-09-10 07:34:50	1	0	1	0	0	0	0	0	0
14889	2026-09-10 07:35:05	1	0	1	0	0	0	0	0	0
14902	2026-09-10 07:35:08	1	0	1	0	0	0	0	0	0
14876	2026-09-10 07:35:11	1	0	1	0	0	0	0	0	0
14893	2026-09-10 07:35:17	1	0	1	0	0	0	0	0	0
14894	2026-09-10 07:35:21	1	0	1	0	0	0	0	0	0
14896	2026-09-10 07:35:24	1	0	1	0	0	0	0	0	0
14897	2026-09-10 07:35:27	1	0	1	0	0	0	0	0	0
14922	2026-09-10 07:37:52	1	0	1	0	0	0	0	0	0
14880	2026-09-10 08:08:20	1	0	1	0	0	0	0	0	0
14901	2026-09-10 08:34:16	1	0	1	0	0	0	0	0	0
14876	2026-09-10 08:34:20	1	0	1	0	0	0	0	0	0
14898	2026-09-10 08:34:26	1	0	1	0	0	0	0	0	0
14875	2026-09-10 08:40:00	1	0	1	0	0	0	0	0	0
14875	2026-09-10 09:29:05	1	0	1	0	0	0	0	0	0
14873	2026-09-10 09:30:08	1	0	1	0	0	0	0	0	0
14875	2026-09-10 09:30:15	1	0	1	0	0	0	0	0	0
14887	2026-09-10 10:17:52	1	0	1	0	0	0	0	0	0
14887	2026-09-10 10:23:39	1	0	1	0	0	0	0	0	0
14887	2026-09-10 10:26:10	1	0	1	0	0	0	0	0	0
14891	2026-09-10 10:26:13	1	0	1	0	0	0	0	0	0
14901	2026-09-10 10:49:47	1	0	1	0	0	0	0	0	0
14891	2026-09-10 11:22:34	1	0	1	0	0	0	0	0	0
14887	2026-09-10 11:22:38	1	0	1	0	0	0	0	0	0
14875	2026-09-10 11:22:53	1	0	1	0	0	0	0	0	0
14901	2026-09-10 11:23:20	1	0	1	0	0	0	0	0	0
14894	2026-09-10 11:23:48	1	0	1	0	0	0	0	0	0
14884	2026-09-10 11:23:52	1	0	1	0	0	0	0	0	0
14896	2026-09-10 11:23:59	1	0	1	0	0	0	0	0	0
14931	2026-09-10 11:25:10	1	0	1	0	0	0	0	0	0
14892	2026-09-10 11:25:27	1	0	1	0	0	0	0	0	0
14925	2026-09-10 11:25:49	1	0	1	0	0	0	0	0	0
14921	2026-09-10 11:25:53	1	0	1	0	0	0	0	0	0
14905	2026-09-10 11:26:00	1	0	1	0	0	0	0	0	0
14595	2026-09-10 12:06:44	1	0	1	0	0	0	0	0	0
14587	2026-09-10 12:06:47	1	0	1	0	0	0	0	0	0
14466	2026-09-10 12:06:50	1	0	1	0	0	0	0	0	0
14468	2026-09-10 12:06:53	1	0	1	0	0	0	0	0	0
14495	2026-09-10 12:06:56	1	0	1	0	0	0	0	0	0
14464	2026-09-10 12:07:13	1	0	1	0	0	0	0	0	0
14454	2026-09-10 12:20:40	1	0	1	0	0	0	0	0	0
14474	2026-09-10 12:20:43	1	0	1	0	0	0	0	0	0
14602	2026-09-10 12:21:37	1	0	1	0	0	0	0	0	0
14604	2026-09-10 12:25:13	1	0	1	0	0	0	0	0	0
14603	2026-09-10 12:25:19	1	0	1	0	0	0	0	0	0
14491	2026-09-10 12:27:44	1	0	1	0	0	0	0	0	0
14487	2026-09-10 12:27:52	1	0	1	0	0	0	0	0	0
14601	2026-09-10 12:30:14	1	0	1	0	0	0	0	0	0
14579	2026-09-10 12:30:16	1	0	1	0	0	0	0	0	0
14598	2026-09-10 12:30:23	1	0	1	0	0	0	0	0	0
14578	2026-09-10 12:30:25	1	0	1	0	0	0	0	0	0
14131	2026-09-10 12:30:27	1	0	1	0	0	0	0	0	0
14585	2026-09-10 12:30:30	1	0	1	0	0	0	0	0	0
14581	2026-09-10 12:30:37	1	0	1	0	0	0	0	0	0
14591	2026-09-10 12:30:47	1	0	1	0	0	0	0	0	0
14507	2026-09-10 12:31:19	1	0	1	0	0	0	0	0	0
14509	2026-09-10 12:31:23	1	0	1	0	0	0	0	0	0
14455	2026-09-10 12:44:04	1	0	1	0	0	0	0	0	0
14500	2026-09-10 12:52:00	1	0	1	0	0	0	0	0	0
14462	2026-09-10 14:30:48	1	0	1	0	0	0	0	0	0
14463	2026-09-10 15:23:23	1	0	1	0	0	0	0	0	0
14490	2026-09-10 16:55:01	1	0	1	0	0	0	0	0	0
14485	2026-09-10 16:55:03	1	0	1	0	0	0	0	0	0
14512	2026-09-10 16:55:11	1	0	1	0	0	0	0	0	0
14511	2026-09-10 16:55:13	1	0	1	0	0	0	0	0	0
14927	2026-09-11 06:46:53	1	0	1	0	0	0	0	0	0
14934	2026-09-11 06:46:58	1	0	1	0	0	0	0	0	0
14912	2026-09-11 06:47:02	1	0	1	0	0	0	0	0	0
14924	2026-09-11 06:47:05	1	0	1	0	0	0	0	0	0
14913	2026-09-11 06:47:08	1	0	1	0	0	0	0	0	0
14878	2026-09-11 06:47:12	1	0	1	0	0	0	0	0	0
14918	2026-09-11 06:47:34	1	0	1	0	0	0	0	0	0
14906	2026-09-11 06:49:15	1	0	1	0	0	0	0	0	0
14880	2026-09-11 06:49:20	1	0	1	0	0	0	0	0	0
14900	2026-09-11 06:49:22	1	0	1	0	0	0	0	0	0
14884	2026-09-11 06:49:25	1	0	1	0	0	0	0	0	0
14893	2026-09-11 06:49:30	1	0	1	0	0	0	0	0	0
14920	2026-09-11 06:49:36	1	0	1	0	0	0	0	0	0
14899	2026-09-11 06:49:43	1	0	1	0	0	0	0	0	0
14882	2026-09-11 06:49:46	1	0	1	0	0	0	0	0	0
14888	2026-09-11 06:49:49	1	0	1	0	0	0	0	0	0
14923	2026-09-11 06:49:54	1	0	1	0	0	0	0	0	0
14901	2026-09-11 06:50:28	1	0	1	0	0	0	0	0	0
14903	2026-09-11 06:50:30	1	0	1	0	0	0	0	0	0
14875	2026-09-11 06:50:33	1	0	1	0	0	0	0	0	0
14895	2026-09-11 06:50:37	1	0	1	0	0	0	0	0	0
14905	2026-09-11 06:50:41	1	0	1	0	0	0	0	0	0
14926	2026-09-11 06:50:46	1	0	1	0	0	0	0	0	0
14885	2026-09-11 06:50:51	1	0	1	0	0	0	0	0	0
14887	2026-09-11 06:51:13	1	0	1	0	0	0	0	0	0
14898	2026-09-11 06:51:23	1	0	1	0	0	0	0	0	0
14876	2026-09-11 06:51:55	1	0	1	0	0	0	0	0	0
14932	2026-09-11 06:52:11	1	0	1	0	0	0	0	0	0
14925	2026-09-11 06:53:17	1	0	1	0	0	0	0	0	0
14907	2026-09-11 06:53:22	1	0	1	0	0	0	0	0	0
14910	2026-09-11 06:53:35	1	0	1	0	0	0	0	0	0
14922	2026-09-11 06:53:39	1	0	1	0	0	0	0	0	0
14904	2026-09-11 06:53:54	1	0	1	0	0	0	0	0	0
13997	2026-09-11 06:53:57	1	0	1	0	0	0	0	0	0
13971	2026-09-11 06:54:00	1	0	1	0	0	0	0	0	0
14011	2026-09-11 06:54:02	1	0	1	0	0	0	0	0	0
13977	2026-09-11 06:54:05	1	0	1	0	0	0	0	0	0
13998	2026-09-11 06:54:07	1	0	1	0	0	0	0	0	0
13976	2026-09-11 06:54:13	1	0	1	0	0	0	0	0	0
13989	2026-09-11 06:54:55	1	0	1	0	0	0	0	0	0
13991	2026-09-11 06:55:02	1	0	1	0	0	0	0	0	0
14872	2026-09-11 06:55:16	1	0	1	0	0	0	0	0	0
14919	2026-09-11 06:55:31	1	0	1	0	0	0	0	0	0
13968	2026-09-11 06:56:07	1	0	1	0	0	0	0	0	0
13983	2026-09-11 06:57:32	1	0	1	0	0	0	0	0	0
14902	2026-09-11 06:57:35	1	0	1	0	0	0	0	0	0
14883	2026-09-11 06:57:38	1	0	1	0	0	0	0	0	0
14874	2026-09-11 06:57:41	1	0	1	0	0	0	0	0	0
14004	2026-09-11 06:58:01	1	0	1	0	0	0	0	0	0
14007	2026-09-11 06:58:05	1	0	1	0	0	0	0	0	0
14006	2026-09-11 06:58:12	1	0	1	0	0	0	0	0	0
14030	2026-09-11 06:58:15	1	0	1	0	0	0	0	0	0
13967	2026-09-11 06:58:25	1	0	1	0	0	0	0	0	0
13970	2026-09-11 06:58:30	1	0	1	0	0	0	0	0	0
13984	2026-09-11 06:59:52	1	0	1	0	0	0	0	0	0
13995	2026-09-11 06:59:54	1	0	1	0	0	0	0	0	0
13978	2026-09-11 07:00:32	1	0	1	0	0	0	0	0	0
14021	2026-09-11 07:00:38	1	0	1	0	0	0	0	0	0
13996	2026-09-11 07:00:43	1	0	1	0	0	0	0	0	0
13969	2026-09-11 07:00:48	1	0	1	0	0	0	0	0	0
14890	2026-09-11 07:01:29	1	0	1	0	0	0	0	0	0
14896	2026-09-11 07:01:32	1	0	1	0	0	0	0	0	0
14909	2026-09-11 07:01:35	1	0	1	0	0	0	0	0	0
14929	2026-09-11 07:01:39	1	0	1	0	0	0	0	0	0
13972	2026-09-11 07:01:46	1	0	1	0	0	0	0	0	0
13966	2026-09-11 07:01:50	1	0	1	0	0	0	0	0	0
14033	2026-09-11 07:02:11	1	0	1	0	0	0	0	0	0
14881	2026-09-11 07:02:21	1	0	1	0	0	0	0	0	0
14018	2026-09-11 07:02:30	1	0	1	0	0	0	0	0	0
13990	2026-09-11 07:02:38	1	0	1	0	0	0	0	0	0
14933	2026-09-11 07:02:59	1	0	1	0	0	0	0	0	0
14921	2026-09-11 07:03:33	1	0	1	0	0	0	0	0	0
13993	2026-09-11 07:03:54	1	0	1	0	0	0	0	0	0
13973	2026-09-11 07:04:02	1	0	1	0	0	0	0	0	0
13965	2026-09-11 07:04:12	1	0	1	0	0	0	0	0	0
13981	2026-09-11 07:04:14	1	0	1	0	0	0	0	0	0
14009	2026-09-11 07:04:17	1	0	1	0	0	0	0	0	0
13974	2026-09-11 07:04:21	1	0	1	0	0	0	0	0	0
14016	2026-09-11 07:04:38	1	0	1	0	0	0	0	0	0
14020	2026-09-11 07:04:55	1	0	1	0	0	0	0	0	0
13987	2026-09-11 07:05:06	1	0	1	0	0	0	0	0	0
13986	2026-09-11 07:05:09	1	0	1	0	0	0	0	0	0
14012	2026-09-11 07:05:19	1	0	1	0	0	0	0	0	0
14005	2026-09-11 07:05:25	1	0	1	0	0	0	0	0	0
13999	2026-09-11 07:05:34	1	0	1	0	0	0	0	0	0
14014	2026-09-11 07:07:33	1	0	1	0	0	0	0	0	0
14015	2026-09-11 07:07:39	1	0	1	0	0	0	0	0	0
14032	2026-09-11 07:07:46	1	0	1	0	0	0	0	0	0
14894	2026-09-11 07:33:55	1	0	1	0	0	0	0	0	0
14897	2026-09-11 07:35:08	1	0	1	0	0	0	0	0	0
14908	2026-09-11 07:37:55	1	0	1	0	0	0	0	0	0
14889	2026-09-11 08:24:30	1	0	1	0	0	0	0	0	0
14902	2026-09-11 08:24:32	1	0	1	0	0	0	0	0	0
14894	2026-09-11 09:30:50	1	0	1	0	0	0	0	0	0
14931	2026-09-11 09:51:26	1	0	1	0	0	0	0	0	0
14891	2026-09-11 10:00:29	1	0	1	0	0	0	0	0	0
14891	2026-09-11 10:04:54	1	0	1	0	0	0	0	0	0
14908	2026-09-11 11:12:27	1	0	1	0	0	0	0	0	0
14032	2026-09-11 11:19:11	1	0	1	0	0	0	0	0	0
13996	2026-09-11 11:25:21	1	0	1	0	0	0	0	0	0
14470	2026-09-11 12:19:56	1	0	1	0	0	0	0	0	0
14469	2026-09-11 12:20:04	1	0	1	0	0	0	0	0	0
14579	2026-09-11 12:35:47	1	0	1	0	0	0	0	0	0
14598	2026-09-11 12:35:51	1	0	1	0	0	0	0	0	0
14454	2026-09-11 12:37:29	1	0	1	0	0	0	0	0	0
14468	2026-09-11 12:38:25	1	0	1	0	0	0	0	0	0
14592	2026-09-11 12:40:09	1	0	1	0	0	0	0	0	0
14487	2026-09-11 12:40:11	1	0	1	0	0	0	0	0	0
14594	2026-09-11 12:41:40	1	0	1	0	0	0	0	0	0
14602	2026-09-11 12:45:47	1	0	1	0	0	0	0	0	0
14474	2026-09-11 12:46:26	1	0	1	0	0	0	0	0	0
14589	2026-09-11 12:46:47	1	0	1	0	0	0	0	0	0
14495	2026-09-11 12:47:17	1	0	1	0	0	0	0	0	0
14491	2026-09-11 12:48:39	1	0	1	0	0	0	0	0	0
14578	2026-09-11 12:50:41	1	0	1	0	0	0	0	0	0
14601	2026-09-11 12:50:46	1	0	1	0	0	0	0	0	0
14607	2026-09-11 12:50:53	1	0	1	0	0	0	0	0	0
14588	2026-09-11 12:50:56	1	0	1	0	0	0	0	0	0
14453	2026-09-11 12:51:26	1	0	1	0	0	0	0	0	0
14472	2026-09-11 12:51:30	1	0	1	0	0	0	0	0	0
14452	2026-09-11 12:52:17	1	0	1	0	0	0	0	0	0
14466	2026-09-11 12:52:21	1	0	1	0	0	0	0	0	0
14599	2026-09-11 12:52:26	1	0	1	0	0	0	0	0	0
14606	2026-09-11 12:52:31	1	0	1	0	0	0	0	0	0
14585	2026-09-11 12:52:37	1	0	1	0	0	0	0	0	0
14131	2026-09-11 12:52:43	1	0	1	0	0	0	0	0	0
14583	2026-09-11 12:52:49	1	0	1	0	0	0	0	0	0
14473	2026-09-11 12:52:54	1	0	1	0	0	0	0	0	0
14471	2026-09-11 12:52:57	1	0	1	0	0	0	0	0	0
14581	2026-09-11 12:53:17	1	0	1	0	0	0	0	0	0
14595	2026-09-11 12:53:19	1	0	1	0	0	0	0	0	0
14591	2026-09-11 12:53:25	1	0	1	0	0	0	0	0	0
14604	2026-09-11 12:53:29	1	0	1	0	0	0	0	0	0
14587	2026-09-11 12:53:32	1	0	1	0	0	0	0	0	0
14502	2026-09-11 12:53:40	1	0	1	0	0	0	0	0	0
14584	2026-09-11 12:54:05	1	0	1	0	0	0	0	0	0
14504	2026-09-11 12:54:52	1	0	1	0	0	0	0	0	0
14462	2026-09-11 12:55:48	1	0	1	0	0	0	0	0	0
14008	2026-09-11 12:55:57	1	0	1	0	0	0	0	0	0
14456	2026-09-11 12:56:14	1	0	1	0	0	0	0	0	0
14450	2026-09-11 12:56:16	1	0	1	0	0	0	0	0	0
14467	2026-09-11 12:56:54	1	0	1	0	0	0	0	0	0
14461	2026-09-11 12:56:56	1	0	1	0	0	0	0	0	0
14460	2026-09-11 12:58:20	1	0	1	0	0	0	0	0	0
14477	2026-09-11 12:58:25	1	0	1	0	0	0	0	0	0
14486	2026-09-11 12:59:47	1	0	1	0	0	0	0	0	0
14509	2026-09-11 13:00:15	1	0	1	0	0	0	0	0	0
14507	2026-09-11 13:00:22	1	0	1	0	0	0	0	0	0
14493	2026-09-11 13:00:27	1	0	1	0	0	0	0	0	0
14511	2026-09-11 13:05:19	1	0	1	0	0	0	0	0	0
14482	2026-09-11 14:33:11	1	0	1	0	0	0	0	0	0
14023	2026-09-14 06:50:43	1	0	1	0	0	0	0	0	0
13977	2026-09-14 06:53:42	1	0	1	0	0	0	0	0	0
13971	2026-09-14 06:53:44	1	0	1	0	0	0	0	0	0
13997	2026-09-14 06:54:45	1	0	1	0	0	0	0	0	0
13992	2026-09-14 06:54:51	1	0	1	0	0	0	0	0	0
13970	2026-09-14 06:55:40	1	0	1	0	0	0	0	0	0
13999	2026-09-14 06:55:45	1	0	1	0	0	0	0	0	0
13965	2026-09-14 06:56:02	1	0	1	0	0	0	0	0	0
13989	2026-09-14 06:56:06	1	0	1	0	0	0	0	0	0
14004	2026-09-14 06:56:09	1	0	1	0	0	0	0	0	0
13998	2026-09-14 06:56:35	1	0	1	0	0	0	0	0	0
13991	2026-09-14 06:56:39	1	0	1	0	0	0	0	0	0
13978	2026-09-14 06:56:41	1	0	1	0	0	0	0	0	0
14123	2026-09-14 06:56:47	1	0	1	0	0	0	0	0	0
13966	2026-09-14 06:57:30	1	0	1	0	0	0	0	0	0
14109	2026-09-14 06:57:50	1	0	1	0	0	0	0	0	0
14114	2026-09-14 06:58:01	1	0	1	0	0	0	0	0	0
14133	2026-09-14 06:58:12	1	0	1	0	0	0	0	0	0
13976	2026-09-14 06:58:46	1	0	1	0	0	0	0	0	0
13993	2026-09-14 06:58:48	1	0	1	0	0	0	0	0	0
13980	2026-09-14 06:58:52	1	0	1	0	0	0	0	0	0
13983	2026-09-14 06:58:54	1	0	1	0	0	0	0	0	0
14011	2026-09-14 06:58:57	1	0	1	0	0	0	0	0	0
14030	2026-09-14 06:58:59	1	0	1	0	0	0	0	0	0
14002	2026-09-14 06:59:03	1	0	1	0	0	0	0	0	0
14112	2026-09-14 06:59:17	1	0	1	0	0	0	0	0	0
14110	2026-09-14 06:59:19	1	0	1	0	0	0	0	0	0
14111	2026-09-14 06:59:24	1	0	1	0	0	0	0	0	0
14118	2026-09-14 06:59:26	1	0	1	0	0	0	0	0	0
14119	2026-09-14 06:59:31	1	0	1	0	0	0	0	0	0
14117	2026-09-14 06:59:34	1	0	1	0	0	0	0	0	0
14130	2026-09-14 06:59:38	1	0	1	0	0	0	0	0	0
14108	2026-09-14 06:59:47	1	0	1	0	0	0	0	0	0
14124	2026-09-14 07:00:14	1	0	1	0	0	0	0	0	0
14134	2026-09-14 07:00:17	1	0	1	0	0	0	0	0	0
13967	2026-09-14 07:00:25	1	0	1	0	0	0	0	0	0
14009	2026-09-14 07:00:31	1	0	1	0	0	0	0	0	0
14006	2026-09-14 07:00:34	1	0	1	0	0	0	0	0	0
14128	2026-09-14 07:00:37	1	0	1	0	0	0	0	0	0
14018	2026-09-14 07:00:41	1	0	1	0	0	0	0	0	0
14007	2026-09-14 07:00:59	1	0	1	0	0	0	0	0	0
14017	2026-09-14 07:01:04	1	0	1	0	0	0	0	0	0
14116	2026-09-14 07:01:25	1	0	1	0	0	0	0	0	0
13996	2026-09-14 07:01:29	1	0	1	0	0	0	0	0	0
13969	2026-09-14 07:01:32	1	0	1	0	0	0	0	0	0
13974	2026-09-14 07:01:34	1	0	1	0	0	0	0	0	0
13984	2026-09-14 07:01:39	1	0	1	0	0	0	0	0	0
13972	2026-09-14 07:01:41	1	0	1	0	0	0	0	0	0
14121	2026-09-14 07:01:44	1	0	1	0	0	0	0	0	0
14031	2026-09-14 07:02:21	1	0	1	0	0	0	0	0	0
14033	2026-09-14 07:02:25	1	0	1	0	0	0	0	0	0
14120	2026-09-14 07:02:52	1	0	1	0	0	0	0	0	0
14106	2026-09-14 07:02:58	1	0	1	0	0	0	0	0	0
14115	2026-09-14 07:03:13	1	0	1	0	0	0	0	0	0
13987	2026-09-14 07:03:20	1	0	1	0	0	0	0	0	0
13986	2026-09-14 07:03:22	1	0	1	0	0	0	0	0	0
13995	2026-09-14 07:04:48	1	0	1	0	0	0	0	0	0
14012	2026-09-14 07:04:51	1	0	1	0	0	0	0	0	0
14122	2026-09-14 07:05:18	1	0	1	0	0	0	0	0	0
14005	2026-09-14 07:05:44	1	0	1	0	0	0	0	0	0
14016	2026-09-14 07:07:24	1	0	1	0	0	0	0	0	0
14014	2026-09-14 07:07:49	1	0	1	0	0	0	0	0	0
14127	2026-09-14 07:08:02	1	0	1	0	0	0	0	0	0
14136	2026-09-14 07:14:05	1	0	1	0	0	0	0	0	0
14015	2026-09-14 07:15:21	1	0	1	0	0	0	0	0	0
14513	2026-09-14 12:10:15	1	0	1	0	0	0	0	0	0
14576	2026-09-14 12:16:50	1	0	1	0	0	0	0	0	0
14550	2026-09-14 12:16:53	1	0	1	0	0	0	0	0	0
14574	2026-09-14 12:18:54	1	0	1	0	0	0	0	0	0
14524	2026-09-14 12:20:26	1	0	1	0	0	0	0	0	0
14545	2026-09-14 12:24:13	1	0	1	0	0	0	0	0	0
14546	2026-09-14 12:24:16	1	0	1	0	0	0	0	0	0
14575	2026-09-14 12:24:20	1	0	1	0	0	0	0	0	0
14518	2026-09-14 12:25:34	1	0	1	0	0	0	0	0	0
14577	2026-09-14 12:27:16	1	0	1	0	0	0	0	0	0
14572	2026-09-14 12:28:49	1	0	1	0	0	0	0	0	0
14573	2026-09-14 12:28:51	1	0	1	0	0	0	0	0	0
14571	2026-09-14 12:28:54	1	0	1	0	0	0	0	0	0
14529	2026-09-14 12:29:34	1	0	1	0	0	0	0	0	0
14547	2026-09-14 12:30:34	1	0	1	0	0	0	0	0	0
14548	2026-09-14 12:30:36	1	0	1	0	0	0	0	0	0
14566	2026-09-14 12:30:59	1	0	1	0	0	0	0	0	0
14544	2026-09-14 12:32:45	1	0	1	0	0	0	0	0	0
14552	2026-09-14 12:32:48	1	0	1	0	0	0	0	0	0
14559	2026-09-14 12:32:50	1	0	1	0	0	0	0	0	0
13871	2026-09-14 13:26:01	1	0	1	0	0	0	0	0	0
14125	2026-09-15 06:50:46	1	0	1	0	0	0	0	0	0
14109	2026-09-15 06:54:36	1	0	1	0	0	0	0	0	0
14118	2026-09-15 06:55:56	1	0	1	0	0	0	0	0	0
14132	2026-09-15 06:56:32	1	0	1	0	0	0	0	0	0
14123	2026-09-15 06:57:29	1	0	1	0	0	0	0	0	0
14110	2026-09-15 06:57:33	1	0	1	0	0	0	0	0	0
14108	2026-09-15 06:59:11	1	0	1	0	0	0	0	0	0
14119	2026-09-15 06:59:27	1	0	1	0	0	0	0	0	0
14112	2026-09-15 06:59:32	1	0	1	0	0	0	0	0	0
14134	2026-09-15 06:59:37	1	0	1	0	0	0	0	0	0
14117	2026-09-15 06:59:41	1	0	1	0	0	0	0	0	0
14128	2026-09-15 06:59:43	1	0	1	0	0	0	0	0	0
14124	2026-09-15 06:59:49	1	0	1	0	0	0	0	0	0
14120	2026-09-15 06:59:51	1	0	1	0	0	0	0	0	0
14133	2026-09-15 07:01:36	1	0	1	0	0	0	0	0	0
14121	2026-09-15 07:02:54	1	0	1	0	0	0	0	0	0
14105	2026-09-15 07:03:03	1	0	1	0	0	0	0	0	0
14122	2026-09-15 07:03:56	1	0	1	0	0	0	0	0	0
14127	2026-09-15 07:05:09	1	0	1	0	0	0	0	0	0
14106	2026-09-15 07:08:28	1	0	1	0	0	0	0	0	0
14116	2026-09-15 07:10:19	1	0	1	0	0	0	0	0	0
1	2026-09-15 09:42:03	1	0	1	0	0	0	0	0	0
